quandl_code,name
ACT,"Actavis, Inc."
ADM,"Archer-Daniels-Midland Company"
AEE,"Ameren Corporation"
ADP,"Automatic Data Processing, Inc."
ADS,"Alliance Data Systems Corporation"
ADT,"ADT Corporation"
AES,"The AES Corporation"
AGN,"Allergan, Inc."
AVY,"Avery Dennison Corporation"
AIG,"American International Group, Inc."
AIV,"Apartment Investment and Management Company"
AIZ,"Assurant, Inc."
ALL,"Allstate Corporation (The)"
ALLE,"Allegion plc"
ALTR,"Altera Corporation"
ALXN,"Alexion Pharmaceuticals, Inc."
AMAT,"Applied Materials, Inc."
AME,"AMTEK, Inc."
AMP,"AMERIPRISE FINANCIAL SERVICES, INC."
AMT,"American Tower Corporation (REIT)"
AMZN,"Amazon.com, Inc."
BCR,"C.R. Bard, Inc."
APA,"Apache Corporation"
APC,"Anadarko Petroleum Corporation"
APD,"Air Products and Chemicals, Inc."
MCHP,"Microchip Technology Incorporated"
APH,"Amphenol Corporation"
AVB,"AvalonBay Communities, Inc."
AVP,"Avon Products, Inc."
AXP,"American Express Company"
AZO,"AutoZone, Inc."
BAX,"Baxter International Inc."
BBBY,"Bed Bath & Beyond Inc."
BBY,"Best Buy Co., Inc."
BDX,"Becton, Dickinson and Company"
BEAM,"Beam Inc."
BHI,"Baker Hughes Incorporated"
BIIB,"Biogen Idec Inc."
BLL,"Ball Corporation"
BMS,"Bemis Company, Inc."
BMY,"Bristol-Myers Squibb Company"
BRK_B,"Berkshire Hathaway Inc."
BSX,"Boston Scientific Corporation"
BXP,"Boston Properties, Inc."
CAG,"ConAgra Foods, Inc."
CAH,"Cardinal Health, Inc."
CAM,"Cameron International Corporation"
CCI,"Crown Castle International Corporation"
CF,"CF Industries Holdings, Inc."
CFN,"CareFusion Corporation"
MCK,"McKesson Corporation"
CHRW,"C.H. Robinson Worldwide, Inc."
CI,"Cigna Corporation"
CL,"Colgate-Palmolive Company"
CLX,"Clorox Company (The)"
CMA,"Comerica Incorporated"
CME,"CME Group Inc."
CMG,"Chipotle Mexican Grill, Inc."
CMI,"Cummins Inc."
CMS,"CMS Energy Corporation"
COF,"Capital One Financial Corporation"
COG,"Cabot Oil & Gas Corporation"
COH,"Coach, Inc."
COP,"ConocoPhillips"
COST,"Costco Wholesale Corporation"
CPB,"Campbell Soup Company"
CRM,"Salesforce.com Inc"
CSC,"Computer Sciences Corporation"
CSCO,"Cisco Systems, Inc."
CSX,"CSX Corporation"
CTAS,"Cintas Corporation"
CTL,"CenturyLink, Inc."
CTSH,"Cognizant Technology Solutions Corporation"
CVC,"Cablevision Systems Corporation"
D,"Dominion Resources, Inc."
DAL,"Delta Air Lines, Inc."
DE,"Deere & Company"
DFS,"Discover Financial Services"
DG,"Dollar General Corporation"
DGX,"Quest Diagnostics Incorporated"
DIS,"Walt Disney Company (The)"
DISCA,"Discovery Communications, Inc."
DLPH,"Delphi Automotive plc"
DLTR,"Dollar Tree, Inc."
DNB,"Dun & Bradstreet Corporation (The)"
DNR,"Denbury Resources Inc."
DOV,"Dover Corporation"
DOW,"Dow Chemical Company (The)"
DRI,"Darden Restaurants, Inc."
DTE,"DTE Energy Company"
DTV,"DIRECTV"
DUK,"Duke Energy Corporation"
DVA,"DaVita healthCare Partners Inc."
EBAY,"eBay Inc."
ECL,"Ecolab Inc."
ED,"Consolidated Edison Inc"
EFX,"Equifax, Inc."
EIX,"Edison International"
EMC,"EMC Corporation"
EMN,"Eastman Chemical Company"
HAS,"Hasbro, Inc."
EMR,"Emerson Electric Company"
EOG,"EOG Resources, Inc."
EQT,"EQT Corporation"
ESRX,"Express Scripts Holding Company"
FDO,"Family Dollar Stores, Inc."
ESV,"ENSCO plc"
MET,"MetLife, Inc."
ETN,"Eaton Corporation, PLC"
ETR,"Entergy Corporation"
EW,"Edwards Lifesciences Corporation"
NOC,"Northrop Grumman Corporation"
EXPD,"Expeditors International of Washington, Inc."
FB,"Facebook, Inc."
FDX,"FedEx Corporation"
FE,"FirstEnergy Corporation"
FIS,"Fidelity National Information Services, Inc."
FISV,"Fiserv, Inc."
FLIR,"FLIR Systems, Inc."
FLR,"Fluor Corporation"
FMC,"FMC Corporation"
FRX,"Forest Laboratories, Inc."
FTI,"FMC Technologies, Inc."
FTR,"Frontier Communications Corporation"
GAS,"AGL Resources, Inc."
GCI,"Gannett Co., Inc."
GE,"General Electric Company"
GHC,"Graham Holdings Company"
GILD,"Gilead Sciences, Inc."
GPS,"Gap, Inc. (The)"
GRMN,"Garmin Ltd."
GS,"Goldman Sachs Group, Inc. (The)"
GWW,"W.W. Grainger, Inc."
HAL,"Halliburton Company"
HAR,"Harman International Industries, Incorporated"
HBAN,"Huntington Bancshares Incorporated"
HCBK,"Hudson City Bancorp, Inc."
HCN,"Health Care REIT, Inc."
HD,"Home Depot, Inc. (The)"
HES,"Hess Corporation"
HOG,"Harley-Davidson, Inc."
HON,"Honeywell International Inc."
HOT,"Starwood Hotels & Resorts Worldwide, Inc."
HP,"Helmerich & Payne, Inc."
HRB,"H&R Block, Inc."
HRL,"Hormel Foods Corporation"
HRS,"Harris Corporation"
HSP,"Hospira Inc"
HST,"Host Hotels & Resorts, Inc."
HSY,"Hershey Company (The)"
HUM,"Humana Inc."
IBM,"International Business Machines Corporation"
ICE,"IntercontinentalExchange Group Inc."
INTU,"Intuit Inc."
IGT,"International Game Technology"
INTC,"Intel Corporation"
ISRG,"Intuitive Surgical, Inc."
ITW,"Illinois Tool Works Inc."
JBL,"Jabil Circuit, Inc."
JEC,"Jacobs Engineering Group Inc."
JNPR,"Juniper Networks, Inc."
OMC,"Omnicom Group Inc."
KIM,"Kimco Realty Corporation"
KLAC,"KLA-Tencor Corporation"
KMB,"Kimberly-Clark Corporation"
KMI,"Kinder Morgan, Inc."
KO,"Coca-Cola Company (The)"
KR,"Kroger Company (The)"
KRFT,"Kraft Foods Group, Inc."
LEN,"Lennar Corporation"
KSS,"Kohl's Corporation"
KSU,"Kansas City Southern"
L,"Loews Corporation"
LLL,"L-3 Communications Holdings, Inc."
LM,"Legg Mason, Inc."
LMT,"Lockheed Martin Corporation"
MTB,"M&T Bank Corporation"
LNC,"Lincoln National Corporation"
LO,"Lorillard, Inc"
MKC,"McCormick & Company, Incorporated"
PAYX,"Paychex, Inc."
PBCT,"People's United Financial, Inc."
PCAR,"PACCAR Inc."
PCG,"Pacific Gas & Electric Co."
PG,"Procter & Gamble Company (The)"
PPL,"PPL Corporation"
RDC,"Rowan Companies plc"
RL,"Ralph Lauren Corporation"
SNI,"Scripps Networks Interactive, Inc"
STZ,"Constellation Brands Inc"
SWY,"Safeway Inc."
SYK,"Stryker Corporation"
SYY,"Sysco Corporation"
TJX,"TJX Companies, Inc. (The)"
TRIP,"TripAdvisor, Inc."
TROW,"T. Rowe Price Group, Inc."
UNH,"UnitedHealth Group Incorporated"
UNM,"Unum Group"
VNO,"Vornado Realty Trust"
MMC,"Marsh & McLennan Companies, Inc."
VTR,"Ventas, Inc."
WYN,"Wyndham Worldwide Corp"
XYL,"Xylem Inc."
ZION,"Zions Bancorporation"
ZMH,"Zimmer Holdings, Inc."
MON,"Monsanto Company"
LRCX,"Lam Research Corporation"
LUK,"Leucadia National Corporation"
LUV,"Southwest Airlines Company"
LYB,"LyondellBasell Industries NV"
MA,"Mastercard Incorporated"
MPC,"Marathon Petroleum Corporation"
NDAQ,"The NASDAQ OMX Group, Inc."
MS,"Morgan Stanley"
A,"Agilent Technologies, Inc."
NEM,"Newmont Mining Corporation"
ABBV,"AbbVie Inc."
ABC,"AmerisourceBergen Corporation (Holding Co)"
ABT,"Abbott Laboratories"
MAT,"Mattel, Inc."
MJN,"Mead Johnson Nutrition Company"
MNST,"Monster Beverage Corporation"
MOS,"Mosaic Company (The)"
MRK,"Merck & Company, Inc."
MRO,"Marathon Oil Corporation"
MSFT,"Microsoft Corporation"
MSI,"Motorola Solutions, Inc."
MUR,"Murphy Oil Corporation"
NEE,"NextEra Energy, Inc."
NE,"Noble Corporation"
NFX,"Newfield Exploration Company"
NSC,"Norfolk Souther Corporation"
NTAP,"NetApp, Inc."
NTRS,"Northern Trust Corporation"
NU,"Northeast Utilities"
NUE,"Nucor Corporation"
NWL,"Newell Rubbermaid Inc."
NWSA,"News Corporation"
OI,"Owens-Illinois, Inc."
ORLY,"O'Reilly Automotive, Inc."
OXY,"Occidental Petroleum Corporation"
PBI,"Pitney Bowes Inc."
PCLN,"The Priceline Group Inc."
PCP,"Precision Castparts Corporation"
PDCO,"Patterson Companies, Inc."
PEG,"Public Service Enterprise Group Incorporated"
PETM,"PetSmart, Inc"
PFE,"Pfizer, Inc."
PGR,"Progressive Corporation (The)"
PH,"Parker-Hannifin Corporation"
PHM,"PulteGroup, Inc."
PKI,"PerkinElmer, Inc."
PLD,"ProLogis, Inc."
PLL,"Pall Corporation"
PNC,"PNC Financial Services Group, Inc. (The)"
PNR,"Pentair, Ltd."
PNW,"Pinnacle West Capital Corporation"
PPG,"PPG Industries, Inc."
PRGO,"Perrigo Company"
PRU,"Prudential Financial, Inc."
PSX,"Phillips 66"
PVH,"PVH Corp."
PX,"Praxair, Inc."
QEP,"QEP Resources, Inc."
R,"Ryder System, Inc."
REGN,"Regeneron Pharmaceuticals, Inc."
RF,"Regions Financial Corporation"
RHI,"Robert Half International Inc."
RHT,"Red Hat, Inc."
ROK,"Rockwell Automation, Inc."
ROST,"Ross Stores, Inc."
RTN,"Raytheon Company"
SBUX,"Starbucks Corporation"
SCG,"Scana Corporation"
SCHW,"The Charles Schwab Corporation"
SE,"Spectra Energy Corp"
SEE,"Sealed Air Corporation"
SIAL,"Sigma-Aldrich Corporation"
SLB,"Schlumberger N.V."
SLM,"SLM Corporation"
SNA,"Snap-On Incorporated"
SO,"Southern Company (The)"
SPG,"Simon Property Group, Inc."
SRE,"Sempra Energy"
STI,"SunTrust Banks, Inc."
STX,"Seagate Technology."
TSN,"Tyson Foods, Inc."
SWK,"Stanley Black & Decker, Inc."
SWN,"Southwestern Energy Company"
SYMC,"Symantec Corporation"
TAP,"Molson Coors Brewing  Company"
TE,"TECO Energy, Inc."
TEG,"Integrys Energy Group"
WU,"Western Union Company (The)"
TEL,"TE Connectivity Ltd."
TGT,"Target Corporation"
TMK,"Torchmark Corporation"
TSS,"Total System Services, Inc."
TWX,"Time Warner Inc."
TXN,"Texas Instruments Incorporated"
TYC,"Tyco International, Ltd. (Switzerland)"
UPS,"United Parcel Service, Inc."
URBN,"Urban Outfitters, Inc."
USB,"U.S. Bancorp"
UTX,"United Technologies Corporation"
V,"Visa Inc."
VFC,"V.F. Corporation"
VIAB,"Viacom Inc."
VLO,"Valero Energy Corporation"
VMC,"Vulcan Materials Company"
VRSN,"VeriSign, Inc."
VRTX,"Vertex Pharmaceuticals Incorporated"
VZ,"Verizon Communications Inc."
WAG,"Walgreen Co."
WAT,"Waters Corporation"
WDC,"Western Digital Corporation"
WEC,"Wisconsin Energy Corporation"
WFC,"Wells Fargo & Company"
WHR,"Whirlpool Corporation"
WIN,"Windstream Holdings, Inc."
WLP,"WellPoint Inc."
WMB,"Williams Companies, Inc. (The)"
WMT,"Wal-Mart Stores, Inc."
X,"United States Steel Corporation"
XEL,"Xcel Energy Inc."
XLNX,"Xilinx, Inc."
XOM,"Exxon Mobil Corporation"
XRAY,"DENTSPLY International Inc."
XRX,"Xerox Corporation"
YHOO,"Yahoo! Inc."
YUM,"Yum! Brands, Inc."
ZTS,"Zoetis Inc."
MAC,"Macerich Company (The)"
MAR,"Marriott International"
IPAR,"Inter Parfums, Inc."
IPGP,"IPG Photonics Corporation"
INTL,"INTL FCStone Inc."
NSIT,"Insight Enterprises, Inc."
INSM,"Insmed, Inc."
NSP,"Insperity, Inc."
IIIN,"Insteel Industries, Inc."
PODD,"Insulet Corporation"
INSY,"Insys Therapeutics, Inc."
KOS,"Kosmos Energy Ltd."
IBKR,"Interactive Brokers Group, Inc."
ININ,"Interactive Intelligence Group, Inc."
IDCC,"InterDigital, Inc."
INVN,"InvenSense, Inc."
TILE,"Interface, Inc."
IMI,"Intermolecular, Inc."
ITMN,"InterMune, Inc."
KRA,"Kraton Performance Polymers, Inc"
INAP,"Internap Network Services Corporation"
ISCA,"International Speedway Corporation"
KTOS,"Kratos Defense & Security Solutions, Inc."
IRDM,"Iridium Communications Inc"
JAKK,"JAKKS Pacific, Inc."
ISIL,"Intersil Corporation"
IILG,"Interval Leisure Group, Inc."
IBCA,"Intervest Bancshares Corp."
ISH,"International Shipholding Corporation"
IL,"IntraLinks Holdings, Inc."
SNAK,"Inventure Foods, Inc."
KOP,"Koppers Holdings Inc."
KFY,"Korn/Ferry International"
ITG,"Investment Technology Group, Inc."
ISBC,"Investors Bancorp, Inc."
ITIC,"Investors Title Company"
IO,"Ion Geophysical Corporation"
IIVI,"II-VI Incorporated"
HFC,"HollyFrontier Corporation"
HNI,"HNI Corporation"
HOLX,"Hologic, Inc."
HBCP,"Home Bancorp, Inc."
HOMB,"Home BancShares, Inc."
HOME,"Home Federal Bancorp, Inc."
HLSS,"Home Loan Servicing Solutions, Ltd."
AWAY,"HomeAway, Inc."
HMST,"HomeStreet, Inc."
HTBI,"HomeTrust Bancshares, Inc."
HOFT,"Hooker Furniture Corporation"
HMN,"Horace Mann Educators Corporation"
HBNC,"Horizon Bancorp (IN)"
HZNP,"Horizon Pharma, Inc."
HRZN,"Horizon Technology Finance Corporation"
HOS,"Hornbeck Offshore Services"
HWCC,"Houston Wire & Cable Company"
HOV,"Hovnanian Enterprises Inc"
HHC,"Howard Hughes Corporation (The)"
HSNI,"HSN, Inc."
HUBG,"Hub Group, Inc."
HVB,"Hudson Valley Holding Corp."
JBHT,"J.B. Hunt Transport Services, Inc."
ICUI,"ICU Medical, Inc."
HII,"Huntington Ingalls Industries, Inc."
HURC,"Hurco Companies, Inc."
HURN,"Huron Consulting Group Inc."
HTCH,"Hutchinson Technology Incorporated"
H,"Hyatt Hotels Corporation"
HPTX,"Hyperion Therapeutics, Inc."
HY,"Hyster-Yale Materials Handling, Inc."
IBKC,"IBERIABANK Corporation"
ICFI,"ICF International, Inc."
ICGE,"ICG Group, Inc."
ICON,"Iconix Brand Group, Inc."
IDA,"IDACORP, Inc."
IDIX,"Idenix Pharmaceuticals, Inc."
IEX,"IDEX Corporation"
IMN,"Imation Corporation"
IDXX,"IDEXX Laboratories, Inc."
IDT,"IDT Corporation"
IGTE,"iGATE Corporation"
IRG,"Ignite Restaurant Group, Inc."
ILMN,"Illumina, Inc."
IMMU,"Immunomedics, Inc."
IMMR,"Immersion Corporation"
IMGN,"ImmunoGen, Inc."
IPXL,"Impax Laboratories, Inc."
IFT,"Imperial Holdings, Inc."
IMPV,"Imperva, Inc."
SAAS,"inContact, Inc."
INCY,"Incyte Corporation"
IHC,"Independence Holding Company"
IBTX,"Independent Bank Group, Inc"
INFN,"Infinera Corporation"
INFI,"Infinity Pharmaceuticals, Inc."
IMKTA,"Ingles Markets, Incorporated"
IPCC,"Infinity Property and Casualty Corporation"
BLOX,"Infoblox Inc."
INFA,"Informatica Corporation"
VOYA,"Voya Financial, Inc."
IM,"Ingram Micro Inc."
INGR,"Ingredion Incorporated"
IPHS,"Innophos Holdings, Inc."
IOSP,"Innospec Inc."
ISSC,"Innovative Solutions and Support, Inc."
IPHI,"Inphi Corporation"
IART,"Integra LifeSciences Holdings Corporation"
IDTI,"Integrated Device Technology, Inc."
I,"Intelsat S.A."
MACK,"Merrimack Pharmaceuticals, Inc."
MLAB,"Mesa Laboratories, Inc."
CASH,"Meta Financial Group, Inc."
MEI,"Methode Electronics, Inc."
METR,"Metro Bancorp, Inc"
MTD,"Mettler-Toledo International, Inc."
MGEE,"MGE Energy Inc."
MTG,"MGIC Investment Corporation"
MCRL,"Micrel, Incorporated"
MSCC,"Microsemi Corporation"
MSTR,"MicroStrategy Incorporated"
MBRG,"Middleburg Financial Corporation"
MIDD,"The Middleby Corporation"
MSEX,"Middlesex Water Company"
MSL,"MidSouth Bancorp"
MPO,"Midstates Petroleum Company, Inc."
MDW,"Midway Gold Corporation"
MOFG,"MidWestOne Financial Group, Inc."
MM,"Millennial Media, Inc."
MILL,"Miller Energy Resources, Inc."
MDXG,"MiMedx Group, Inc"
MSA,"MSA Safety Incorporporated"
MTX,"Minerals Technologies Inc."
MG,"Mistras Group Inc"
MIND,"Mitcham Industries, Inc."
MITK,"Mitek Systems, Inc."
MKSI,"MKS Instruments, Inc."
MINI,"Mobile Mini, Inc."
MOD,"Modine Manufacturing Company"
MLNK,"ModusLink Global Solutions, Inc"
MCP,"Molycorp, Inc"
MNTA,"Momenta Pharmaceuticals, Inc."
MCRI,"Monarch Casino & Resort, Inc."
MGI,"Moneygram International, Inc."
MPWR,"Monolithic Power Systems, Inc."
TYPE,"Monotype Imaging Holdings Inc."
MNRO,"Monro Muffler Brake, Inc."
MWW,"Monster Worldwide, Inc."
MHGC,"Morgans Hotel Group Co."
MOSY,"MoSys, Inc."
NPK,"National Presto Industries, Inc."
MOV,"Movado Group Inc."
MOVE,"Move, Inc."
MRC,"MRC Global Inc."
MSM,"MSC Industrial Direct Company, Inc."
NATH,"Nathan's Famous, Inc."
MSCI,"MSCI Inc"
MTSC,"MTS Systems Corporation"
MLI,"Mueller Industries, Inc."
MWA,"MUELLER WATER PRODUCTS"
LABL,"Multi-Color Corporation"
MFLX,"Multi-Fineline Electronix, Inc."
MGAM,"Multimedia Games Holding Company, Inc."
MVC,"MVC Capital, Inc."
MWIV,"MWI Veterinary Supply, Inc."
MYRG,"MYR Group, Inc."
MYGN,"Myriad Genetics, Inc."
NC,"NACCO Industries, Inc."
NANO,"Nanometrics Incorporated"
NSPH,"Nanosphere, Inc."
NASB,"NASB Financial Inc."
NBHC,"National Bank Holdings Corporation"
NKSH,"National Bankshares, Inc."
FIZZ,"National Beverage Corp."
NCMI,"National CineMedia, Inc."
NFG,"National Fuel Gas Company"
NHC,"National HealthCare Corporation"
NATI,"National Instruments Corporation"
PRTA,"Prothena Corporation plc"
NATL,"National Interstate Corporation"
NPBC,"National Penn Bancshares, Inc."
NWLI,"National Western Life Insurance Company"
NSM,"Nationstar Mortgage Holdings Inc."
NGS,"Natural Gas Services Group, Inc."
NGVC,"Natural Grocers by Vitamin Cottage, Inc."
BABY,"Natus Medical Incorporated"
PRSC,"The Providence Service Corporation"
NATR,"Nature's Sunshine Products, Inc."
NLS,"Nautilus Group, Inc. (The)"
NAVB,"Navidea Biopharmaceuticals, Inc."
NCI,"Navigant Consulting, Inc."
NAVG,"The Navigators Group, Inc."
PFS,"Provident Financial Services, Inc"
NAV,"Navistar International Corporation"
NCS,"NCI Building Systems, Inc."
NCR,"NCR Corporation"
NP,"Neenah Paper, Inc."
NKTR,"Nektar Therapeutics"
NNI,"Nelnet, Inc."
NEOG,"Neogen Corporation"
NEO,"NeoGenomics, Inc."
NEON,"Neonode Inc."
NPTN,"NeoPhotonics Corporation"
NETE,"Net Element, Inc."
NTCT,"NetScout Systems, Inc."
NBIX,"Neurocrine Biosciences, Inc."
NSR,"Neustar, Inc."
IQNT,"Inteliquent, Inc."
NJR,"NewJersey Resources Corporation"
NMFC,"New Mountain Finance Corporation"
NWY,"New York & Company, Inc."
NYCB,"New York Community Bancorp, Inc."
NYT,"New York Times Company (The)"
NBBC,"NewBridge Bancorp"
NLNK,"NewLink Genetics Corporation"
NEU,"NewMarket Corporation"
NR,"Newpark Resources, Inc."
NEWP,"Newport Corporation"
NEWS,"NewStar Financial, Inc."
NXST,"Nexstar Broadcasting Group, Inc."
NVAX,"Novavax, Inc."
NGPC,"NGP Capital Resources Company"
EGOV,"NIC Inc."
NICK,"Nicholas Financial, Inc."
NIHD,"NII Holdings, Inc."
NL,"NL Industries, Inc."
NFBK,"Northfield Bancorp, Inc."
NNBR,"NN, Inc."
NOR,"Noranda Aluminum Holding Corporation"
NAT,"Nordic American Tankers Limited"
NDSN,"Nordson Corporation"
NTK,"Nortek Inc."
NOG,"Northern Oil and Gas, Inc."
NWBI,"Northwest Bancshares, Inc."
NWN,"Northwest Natural Gas Company"
NWPX,"Northwest Pipe Company"
NCLH,"Norwegian Cruise Line Holdings Ltd."
NPSP,"NPS Pharmaceuticals, Inc."
NTLS,"NTELOS Holdings Corp."
NUS,"Nu Skin Enterprises, Inc."
NUAN,"Nuance Communications, Inc."
PROV,"Provident Financial Holdings, Inc."
NMRX,"Numerex Corp."
NUTR,"Nutraceutical International Corporation"
NTRI,"NutriSystem Inc"
NUVA,"NuVasive, Inc."
OIS,"Oil States International, Inc."
NES,"Nuverra Environmental Solutions, Inc."
NVEC,"NVE Corporation"
NVR,"NVR, Inc."
NXTM,"NxStage Medical, Inc."
OAS,"Oasis Petroleum Inc."
OII,"Oceaneering International, Inc."
OCFC,"OceanFirst Financial Corp."
OCN,"Ocwen Financial Corporation"
OMEX,"Odyssey Marine Exploration, Inc."
ODP,"Office Depot, Inc."
OFG,"OFG Bancorp"
OGE,"OGE Energy Corporation"
ODC,"Oil-Dri Corporation Of America"
ODFL,"Old Dominion Freight Line, Inc."
ONB,"Old National Bancorp"
ORI,"Old Republic International Corporation"
OLN,"Olin Corporation"
ZEUS,"Olympic Steel, Inc."
OMG,"OM Group, Inc."
OFLX,"Omega Flex, Inc."
OME,"Omega Protein Corporation"
OMER,"Omeros Corporation"
OABC,"OmniAmerican Bancorp, Inc."
ORB,"Orbital Sciences Corporation"
OCR,"Omnicare, Inc."
OMCL,"Omnicell, Inc."
OVTI,"OmniVision Technologies, Inc."
OMN,"OMNOVA Solutions Inc."
ASGN,"On Assignment, Inc."
ONNN,"ON Semiconductor Corporation"
OGXI,"OncoGenex Pharmaceuticals Inc."
OB,"OneBeacon Insurance Group, Ltd."
OPEN,"OpenTable, Inc."
OPK,"Opko Health Inc"
OPLK,"Oplink Communications, Inc."
OPY,"Oppenheimer Holdings, Inc."
OSUR,"OraSure Technologies, Inc."
ORBC,"ORBCOMM Inc."
OWW,"Orbitz Worldwide, Inc."
TIS,"Orchids Paper Products Company"
OREX,"Orexigen Therapeutics, Inc."
OEH,"Orient-Express Hotels Ltd."
ORN,"Orion Marine Group Inc"
OSK,"Oshkosh Corporation"
OSIS,"OSI Systems, Inc."
OSIR,"Osiris Therapeutics, Inc."
OTTR,"Otter Tail Corporation"
OVAS,"Ovascience Inc."
OSTK,"Overstock.com, Inc."
OMI,"Owens & Minor, Inc."
OC,"Owens Corning Inc"
PCCC,"PC Connection, Inc."
PACB,"Pacific Biosciences of California, Inc."
PCBK,"Pacific Continental Corporation (Ore)"
PPBI,"Pacific Premier Bancorp Inc"
PCRX,"Pacira Pharmaceuticals, Inc."
PKG,"Packaging Corporation of America"
PACW,"PacWest Bancorp"
PLMT,"Palmetto Bancshares, Inc. (SC)"
P,"Pandora Media, Inc."
PNRA,"Panera Bread Company"
PHX,"Panhandle Royalty Company"
PTRY,"The Pantry, Inc."
PZZA,"Papa John'S International, Inc."
PZG,"Paramount Gold and Silver Corp."
PRXL,"PAREXEL International Corporation"
PRK,"Park National Corporation"
PKOH,"Park-Ohio Holdings Corp."
PSTB,"Park Sterling Corporation"
PKD,"Parker Drilling Company"
PRKR,"ParkerVision, Inc."
PRE,"PartnerRe Ltd."
PATK,"Patrick Industries, Inc."
QLGC,"QLogic Corporation"
KWR,"Quaker Chemical Corporation"
PATR,"Patriot Transportation Holding, Inc."
PTEN,"Patterson-UTI Energy, Inc."
PDFS,"PDF Solutions, Inc."
PDLI,"PDL BioPharma, Inc."
PGC,"Peapack-Gladstone Financial Corporation"
PEGA,"Pegasystems Inc."
PCO,"Pendrell Corporation"
PENX,"Penford Corporation"
PENN,"Penn National Gaming, Inc."
PVA,"Penn Virginia Corporation"
PFLT,"PennantPark Floating Rate Capital Ltd."
PNNT,"PennantPark Investment Corporation"
JCP,"J.C. Penney Company, Inc. Holding Company"
PFSI,"PennyMac Financial Services, Inc."
PAG,"Penske Automotive Group, Inc."
PBY,"Pep Boys-Manny, Moe & Jack (The)"
PPHM,"Peregrine Pharmaceuticals Inc."
PSMI,"Peregrine Semiconductor Corp."
PRFT,"Perficient, Inc."
PFMT,"Performant Financial Corporation"
PSEM,"Pericom Semiconductor Corporation"
PTX,"Pernix Therapeutics Holdings, Inc."
PETS,"PetMed Express, Inc."
PHH,"PHH Corp"
PQ,"Petroquest Energy Inc"
PGTI,"PGT, Inc."
PMC,"Pharmerica Corporation"
PHIIK,"PHI, Inc."
PNX,"Phoenix Companies, Inc. (The)"
PHMD,"PhotoMedex, Inc."
PICO,"PICO Holdings Inc."
PNY,"Piedmont Natural Gas Company, Inc."
PNFP,"Pinnacle Financial Partners, Inc."
PIKE,"Pike Corporation"
PPC,"Pilgrim's Pride Corporation"
PF,"Pinnacle Foods, Inc."
PES,"Pioneer Energy Services Corp."
PJC,"Piper Jaffray Companies"
PLT,"Plantronics, Inc."
PTP,"Platinum Underwriters Holdings, Ltd"
PCYO,"Pure Cycle Corporation"
PGEM,"Ply Gem Holdings, Inc."
PZN,"Pzena Investment Management Inc"
PMCS,"PMC - Sierra, Inc."
PII,"Polaris Industries Inc."
PMFG,"PMFG, Inc."
QADA,"QAD Inc."
POR,"Portland General Electric Company"
PLCM,"Polycom, Inc."
POOL,"Pool Corporation"
BPOP,"Popular, Inc."
PRAA,"Portfolio Recovery Associates, Inc."
PTLA,"Portola Pharmaceuticals, Inc."
POST,"Post Holdings, Inc."
POWL,"Powell Industries, Inc."
POWI,"Power Integrations, Inc."
PSIX,"Power Solutions International, Inc."
POWR,"PowerSecure International, Inc"
POZN,"Pozen, Inc."
QGEN,"Qiagen N.V."
PFBC,"Preferred Bank"
PLPC,"Preformed Line Products Company"
PGI,"Premiere Global Services, Inc."
PBH,"Prestige Brand Holdings, Inc."
QLIK,"Qlik Technologies Inc."
PRGX,"PRGX Global, Inc."
PSMT,"PriceSmart, Inc."
PRI,"Primerica, Inc."
PRA,"ProAssurance Corporation"
PKT,"Procera Networks, Inc."
PGNX,"Progenics Pharmaceuticals Inc."
PRGS,"Progress Software Corporation"
PFPT,"Proofpoint, Inc."
QUAD,"Quad Graphics, Inc"
KKD,"Krispy Kreme Doughnuts, Inc."
KRO,"Kronos Worldwide Inc"
PSEC,"Prospect Capital Corporation"
LLEN,"L&L Energy, Inc."
LZB,"La-Z-Boy Incorporated"
LTS,"Ladenburg Thalmann Financial Services Inc"
LG,"Laclede Group, Inc."
LBAI,"Lakeland Bancorp, Inc."
LBY,"Libbey, Inc."
LKFN,"Lakeland Financial Corporation"
LAMR,"Lamar Advertising Company"
LANC,"Lancaster Colony Corporation"
LNDC,"Landec Corporation"
LSTR,"Landstar System, Inc."
CALL,"magicJack VocalTec Ltd"
LCI,"Lannett Co Inc"
LPI,"Laredo Petroleum, Inc."
LVS,"Las Vegas Sands Corp."
LSCC,"Lattice Semiconductor Corporation"
LAYN,"Layne Christensen Company"
LCNB,"LCNB Corporation"
LF,"Leapfrog Enterprises Inc"
LEA,"Lear Corporation"
LII,"Lennox International, Inc."
LVLT,"Level 3 Communications, Inc."
LXRX,"Lexicon Pharmaceuticals, Inc."
LXK,"Lexmark International, Inc."
LBTYA,"Liberty Global plc"
LINTA,"Liberty Interactive Corporation"
LMCA,"Liberty Media Corporation"
LVNTA,"Liberty Interactive Corporation"
LOCK,"LifeLock, Inc."
LCUT,"Lifetime Brands, Inc."
LFVN,"Lifevantage Corporation"
LWAY,"Lifeway Foods, Inc."
LGND,"Ligand Pharmaceuticals Incorporated"
LMNR,"Limoneira Co"
QSII,"Quality Systems, Inc."
LINC,"Lincoln Educational Services Corporation"
LECO,"Lincoln Electric Holdings, Inc."
LNKD,"LinkedIn Corporation"
LIOX,"Lionbridge Technologies, Inc."
LGF,"Lions Gate Entertainment Corporation"
LQDT,"Liquidity Services, Inc."
LAD,"Lithia Motors, Inc."
LFUS,"Littelfuse, Inc."
LYV,"Live Nation Entertainment, Inc."
LPSN,"LivePerson, Inc."
LKQ,"LKQ Corporation"
LMIA,"LMI Aerospace, Inc."
LOGM,"LogMein, Inc."
LORL,"Loral Space and Communications, Inc."
LPX,"Louisiana-Pacific Corporation"
LPLA,"LPL Financial Holdings Inc."
LXU,"Lsb Industries Inc."
LYTS,"LSI Industries Inc."
LTXC,"LTX-Credence Corporation"
LUB,"Luby's, Inc."
LL,"Lumber Liquidators Holdings, Inc"
LMNX,"Luminex Corporation"
LMOS,"Lumos Networks Corp."
LDL,"Lydall, Inc."
MHO,"M/I Homes, Inc."
MTSI,"M/A-COM Technology Solutions Holdings, Inc."
MCBC,"Macatawa Bank Corporation"
MSG,"The Madison Square Garden Company"
MGLN,"Magellan Health Services, Inc."
MHR,"Magnum Hunter Resources Corporation"
MHLD,"Maiden Holdings, Ltd."
MAIN,"Main Street Capital Corporation"
MSFG,"MainSource Financial Group, Inc."
MANH,"Manhattan Associates, Inc."
MNTX,"Manitex International, Inc."
MBI,"MBIA, Inc."
MNKD,"MannKind Corporation"
MANT,"ManTech International Corporation"
MSO,"Martha Stewart Living Omnimedia, Inc."
MCS,"Marcus Corporation (The)"
MRIN,"Marin Software Incorporated"
MPX,"Marine Products Corporation"
HZO,"MarineMax, Inc."
MKL,"Markel Corporation"
MKTX,"MarketAxess Holdings, Inc."
MKTO,"Marketo, Inc."
MRLN,"Marlin Business Services Corp."
MRVL,"Marvell Technology Group Ltd."
VAC,"Marriot Vacations Worldwide Corporation"
MRTN,"Marten Transport, Ltd."
MLM,"Martin Marietta Materials, Inc."
MASI,"Masimo Corporation"
MTRN,"Materion Corporation"
ZQK,"Quiksilver, Inc."
MTRX,"Matrix Service Company"
MATX,"Matson, Inc."
MDSO,"Medidata Solutions, Inc."
MATW,"Matthews International Corporation"
MFRM,"Mattress Firm Holding Corp."
MXIM,"Maxim Integrated Products, Inc."
MMS,"Maximus, Inc."
MXL,"MaxLinear, Inc"
MBFI,"MB Financial Inc."
MNI,"McClatchy Company (The)"
MGRC,"McGrath RentCorp"
MDCA,"MDC Partners Inc."
MDC,"M.D.C. Holdings, Inc."
MDU,"MDU Resources Group, Inc."
MIG,"Meadowbrook Insurance Group, Inc."
MEAS,"Measurement Specialties, Inc."
MEG,"Media General, Inc."
MDCI,"Medical Action Industries Inc."
MDCO,"The Medicines Company"
MED,"MEDIFAST INC"
MW,"Men's Wearhouse, Inc. (The)"
MDVN,"Medivation, Inc."
MCC,"Medley Capital Corporation"
MD,"Mednax, Inc"
MEIP,"MEI Pharma, Inc."
MENT,"Mentor Graphics Corporation"
MBWM,"Mercantile Bank Corporation"
MBVT,"Merchants Bancshares, Inc."
MCY,"Mercury General Corporation"
MRCY,"Mercury Systems Inc"
RP,"RealPage, Inc."
MDP,"Meredith Corporation"
MRGE,"Merge Healthcare Incorporated."
VIVO,"Meridian Bioscience Inc."
MMSI,"Merit Medical Systems, Inc."
MTH,"Meritage Corporation"
MTOR,"Meritor, Inc."
MODN,"Model N, Inc."
QTM,"Quantum Corporation"
STR,"Questar Corporation"
QCOR,"Questcor Pharmaceuticals, Inc."
KWK,"Quicksilver Resources Inc."
QDEL,"Quidel Corporation"
QNST,"QuinStreet, Inc."
Q,"Quintiles Transitional Holdings Inc."
RAX,"Rackspace Hosting, Inc"
RDN,"Radian Group Inc."
SCI,"Service Corporation International"
RSH,"Radioshack Corporation"
RSYS,"RadiSys Corporation"
RMBS,"Rambus, Inc."
SSNI,"Silver Spring Networks, Inc."
SCTY,"SolarCity Corporation"
RJF,"Raymond James Financial, Inc."
SFNC,"Simmons First National Corporation"
ROLL,"RBC Bearings Incorporated"
RLOC,"ReachLocal, Inc."
RLD,"RealD Inc"
SSD,"Simpson Manufacturing Company, Inc."
RNWK,"RealNetworks, Inc."
RLGY,"Realogy Holdings Corp."
RCPT,"Receptos, Inc."
NOW,"ServiceNow, Inc."
RRGB,"Red Robin Gourmet Burgers, Inc."
RGC,"Regal Entertainment Group"
RM,"Regional Management Corp."
SBGI,"Sinclair Broadcast Group, Inc."
SONS,"Sonus Networks, Inc."
BID,"Sotheby's"
RGS,"Regis Corporation"
RGLS,"Regulus Therapeutics Inc."
RGA,"Reinsurance Group of America, Incorporated"
REIS,"Reis, Inc"
RS,"Reliance Steel & Aluminum Co."
RNR,"RenaissanceRe Holdings Ltd."
RNST,"Renasant Corporation"
REGI,"Renewable Energy Group, Inc."
SJI,"South Jersey Industries, Inc."
SREV,"ServiceSource International, Inc."
SSTK,"Shutterstock, Inc."
RCII,"Rent-A-Center Inc."
RTK,"Rentech, Inc."
SCCO,"Southern Copper Corporation"
SKH,"Skilled Healthcare Group, Inc."
RENT,"Rentrak Corporation"
SKUL,"Skullcandy, Inc."
SKYW,"SkyWest, Inc."
RGEN,"Repligen Corporation"
SWKS,"Skyworks Solutions, Inc."
RPRX,"Repros Therapeutics Inc."
RJET,"Republic Airways Holdings, Inc."
RBCAA,"Republic Bancorp, Inc."
SWHC,"Smith & Wesson Holding Corporation"
RMD,"ResMed Inc."
SBSI,"Southside Bancshares, Inc."
REN,"Resolute Energy Corporation"
RFP,"Resolute Forest Products Inc."
SWX,"Southwest Gas Corporation"
REXI,"Resource America, Inc."
CODE,"Spansion Inc"
RECN,"Resources Connection, Inc."
LOV,"Spark Networks, Inc."
SPAR,"Spartan Motors, Inc."
SPTN,"Spartan Stores, Inc."
SPA,"Sparton Corporation"
SPNC,"The Spectranetics Corporation"
SPB,"Spectrum Brands Holdings, Inc."
SWI,"Solarwinds, Inc."
RVLT,"Revolution Lighting Technologies, Inc."
SZYM,"Solazyme, Inc."
SLH,"Solera Holdings, Inc."
SAH,"Sonic Automotive, Inc."
REX,"REX American Resources Corporation"
REXX,"Rex Energy Corporation"
RXN,"Rexnord Corporation"
RFMD,"RF Micro Devices, Inc."
RMTI,"Rockwell Medical, Inc."
OKSB,"Southwest Bancorp, Inc."
RELL,"Richardson Electronics, Ltd."
RIGL,"Rigel Pharmaceuticals, Inc."
RNET,"RigNet, Inc."
RCKB,"Rockville Financial, Inc."
RAD,"Rite Aid Corporation"
RVBD,"Riverbed Technology, Inc."
RLI,"RLI Corp."
SONC,"Sonic Corp."
RRTS,"Roadrunner Transportation Systems, Inc"
RKT,"Rock-Tenn Company"
ROC,"Rockwood Holdings, Inc."
SPLK,"Splunk Inc."
ROG,"Rogers Corporation"
ROL,"Rollins, Inc."
ROSE,"Rosetta Resources Inc."
RST,"Rosetta Stone"
RES,"RPC, Inc."
RNDY,"Roundy's, Inc."
AOS,"Smith (A.O.) Corporation"
ROVI,"Rovi Corporation"
RPM,"RPM International Inc."
LNCE,"Snyder's-Lance, Inc."
RPXC,"RPX Corporation"
RTIX,"RTI Surgical, Inc."
SIRI,"Sirius XM Holdings Inc."
SIRO,"Sirona Dental Systems, Inc."
S,"Sprint Corporation"
SIX,"Six Flags Entertainment Corporation New"
SJW,"SJW Corporation"
RTI,"RTI International Metals, Inc."
RBCN,"Rubicon Technology, Inc."
RTEC,"Rudolph Technologies, Inc."
RT,"Ruby Tuesday, Inc."
RKUS,"Ruckus Wireless, Inc."
STRZA,"Starz"
RUSHA,"Rush Enterprises, Inc."
SKX,"Skechers U.S.A., Inc."
SLRC,"Solar Capital Ltd."
SUNS,"Solar Senior Capital Ltd."
RYL,"Ryland Group, Inc. (The)"
STBA,"S&T Bancorp, Inc."
SAFT,"Safety Insurance Group, Inc."
SGNT,"Sagent Pharmaceuticals, Inc."
SAIA,"Saia, Inc."
SHOR,"ShoreTel, Inc."
SALM,"Salem Communications Corporation"
JBSS,"John B. Sanfilippo & Son, Inc."
SLXP,"Salix Pharmaceuticals, Ltd."
SBH,"Sally Beauty Holdings, Inc."
SN,"Sanchez Energy Corporation"
SAFM,"Sanderson Farms, Inc."
SD,"Sandridge Energy Inc."
SASR,"Sandy Spring Bancorp, Inc."
BSRR,"Sierra Bancorp"
SHLO,"Shiloh Industries, Inc."
SIGA,"SIGA Technologies Inc."
SGMO,"Sangamo BioSciences, Inc."
SRPT,"Sarepta Therapeutics, Inc."
SBAC,"SBA Communications Corporation"
SCSC,"ScanSource, Inc."
SCBT,"First Financial Holdings, Inc."
HSIC,"Henry Schein, Inc."
SCHN,"Schnitzer Steel Industries, Inc."
SCHL,"Scholastic Corporation"
SHLM,"A. Schulman, Inc."
SIGM,"Sigma Designs, Inc."
SWM,"Schweitzer-Mauduit International, Inc."
SCLN,"SciClone Pharmaceuticals, Inc."
SGMS,"Scientific Games Corp"
SQI,"SciQuest, Inc."
STNG,"Scorpio Tankers Inc."
SSP,"E.W. Scripps Company (The)"
SEB,"Seaboard Corporation"
SEAC,"SeaChange International, Inc."
SFLY,"Shutterfly, Inc."
SBCF,"Seacoast Banking Corporation of Florida"
CKH,"SEACOR Holdings, Inc."
SDRL,"Seadrill Limited"
SHLD,"Sears Holdings Corporation"
SHOS,"Sears Hometown and Outlet Stores, Inc."
SGEN,"Seattle Genetics, Inc."
SEAS,"SeaWorld Entertainment, Inc."
SEIC,"SEI Investments Company"
SCSS,"Select Comfort Corporation"
SEM,"Select Medical Holdings Corporation"
SCVL,"Shoe Carnival, Inc."
SIGI,"Selective Insurance Group, Inc."
SEMG,"Semgroup Corporation"
SMTC,"Semtech Corporation"
SIG,"Signet Jewelers Limited"
SENEA,"Seneca Foods Corp."
SXT,"Sensient Technologies Corporation"
SQNM,"Sequenom, Inc."
SLGN,"Silgan Holdings Inc."
QLTY,"Quality Distribution, Inc."
NX,"Quanex Building Products Corporation"
SGI,"Silicon Graphics International Corp"
SSYS,"Stratasys, Ltd."
SPF,"Standard Pacific Corp"
TMHC,"Taylor Morrison Home Corporation"
TCB,"TCF Financial Corporation"
SXI,"Standex International Corporation"
STSI,"Star Scientific, Inc."
STRA,"Strayer Education, Inc."
STFC,"State Auto Financial Corporation"
STBZ,"State Bank Financial Corporation."
SYRG,"Synergy Resources Corporation"
SNX,"Synnex Corporation"
SNPS,"Synopsys, Inc."
TSLA,"Tesla Motors, Inc."
SNV,"Synovus Financial Corp."
TSRA,"Tessera Technologies, Inc."
TTEK,"Tetra Tech, Inc."
TTI,"Tetra Technologies, Inc."
TTPH,"Tetraphase Pharmaceuticals, Inc."
TCBI,"Texas Capital Bancshares, Inc."
WEN,"Wendy's Company (The)"
TXMD,"TherapeuticsMD, Inc."
THRX,"Theravance, Inc."
SMRT,"Stein Mart, Inc."
RGR,"Sturm, Ruger & Company, Inc."
SCM,"Stellus Capital Investment Corporation"
STML,"Stemline Therapeutics, Inc."
THR,"Thermon Group Holdings, Inc."
TCRD,"THL Credit, Inc."
STE,"STERIS Corporation"
TTGT,"TechTarget, Inc."
STRL,"Sterling Construction Company Inc"
STSA,"Sterling Financial Corporation"
STC,"Stewart Information Services Corporation"
SNBC,"Sun Bancorp, Inc."
SXC,"SunCoke Energy, Inc."
SUNE,"SunEdison, Inc."
SNSS,"Sunesis Pharmaceuticals, Inc."
SPWR,"SunPower Corporation"
SMCI,"Super Micro Computer, Inc."
SF,"Stifel Financial Corporation"
SUP,"Superior Industries International, Inc."
SPRT,"support.com, Inc."
SWC,"Stillwater Mining Company"
SUSQ,"Susquehanna Bancshares, Inc."
SUSS,"Susser Holdings Corporation"
SIVB,"SVB Financial Group"
SFY,"Swift Energy Company"
SPPI,"Spectrum Pharmaceuticals, Inc."
SWFT,"Swift Transportation Company"
TECUA,"Tecumseh Products Company"
SWSH,"Swisher Hygiene, Inc."
TNK,"Teekay Tankers Ltd."
TRC,"Tejon Ranch Co"
TRK,"Speedway Motorsports, Inc."
TNAV,"TeleNav, Inc."
SPR,"Spirit Aerosystems Holdings, Inc."
TDS,"Telephone and Data Systems, Inc."
SAVE,"Spirit Airlines, Inc."
TTEC,"TeleTech Holdings, Inc."
TPX,"Tempur Sealy International, Inc."
TNC,"Tennant Company"
TEN,"Tenneco Inc."
SYNT,"Syntel, Inc."
SYUT,"Synutra International, Inc."
SPSC,"SPS Commerce, Inc."
SWS,"SWS Group, Inc."
TER,"Teradyne, Inc."
SPW,"SPX Corporation"
SSNC,"SS&C Technologies Holdings, Inc."
TEX,"Terex Corporation"
DATA,"Tableau Software, Inc."
TAHO,"Tahoe Resources, Inc."
SYKE,"Sykes Enterprises, Incorporated"
TMH,"Team Health Holdings, Inc."
TISI,"Team, Inc."
JOE,"St. Joe Company (The)"
SYA,"Symetra Financial Corporation"
TECD,"Tech Data Corporation"
TECH,"Techne Corporation"
TBNK,"Territorial Bancorp Inc."
STAA,"STAAR Surgical Company"
TSRO,"TESARO, Inc."
STMP,"Stamps.com Inc."
TTWO,"Take-Two Interactive Software, Inc."
TAM,"Taminco Corporation"
TNGO,"Tangoe, Inc."
SFG,"StanCorp Financial Group, Inc."
SMA,"Symmetry Medical Inc"
GEVA,"Synageva BioPharma Corp."
SNCR,"Synchronoss Technologies, Inc."
SGYP,"Synergy Pharmaceuticals, Inc."
TASR,"TASER International, Inc."
TRGT,"Targacept, Inc."
SMP,"Standard Motor Products, Inc."
TAYC,"Taylor Capital Group, Inc."
TTC,"Toro Company (The)"
TOWR,"Tower International, Inc."
TZOO,"Travelzoo Inc."
TREE,"Tree.com, Inc."
TPH,"Tri Pointe Homes, Inc."
SUPN,"Supernus Pharmaceuticals, Inc."
TXI,"Texas Industries, Inc."
TFSL,"TFS Financial Corporation"
HSH,"Hillshire Brands Company (The)"
THLD,"Threshold Pharmaceuticals, Inc."
SNTA,"Synta Pharmaceuticals Corp."
TESO,"Tesco Corporation"
TCPC,"TCP Capital Corp."
AMTD,"TD Ameritrade Holding Corporation"
TK,"Teekay Corporation"
TWI,"Titan International, Inc."
TUES,"Tuesday Morning Corp."
TIVO,"TiVo Inc."
TMUS,"T-Mobile US, Inc."
UIS,"Unisys Corporation"
UNT,"Unit Corporation"
TUMI,"Tumi Holdings, Inc."
TMP,"Tompkins Financial Corporation"
TR,"Tootsie Roll Industries, Inc."
TRNX,"Tornier N.V."
TWGP,"Tower Group International, Ltd."
USM,"United States Cellular Corporation"
TWER,"Towerstream Corporation"
CLUB,"Town Sports International Holdings, Inc."
ULTA,"Ulta Salon, Cosmetics & Fragrance, Inc."
TOWN,"Towne Bank"
TWMC,"Trans World Entertainment Corp."
TG,"Tredegar Corporation"
ULTI,"The Ultimate Software Group, Inc."
UCTT,"Ultra Clean Holdings, Inc."
UPL,"Ultra Petroleum Corp."
THS,"Treehouse Foods, Inc."
TCAP,"Triangle Capital Corporation"
TPLM,"Triangle Petroleum Corporation"
TWIN,"Twin Disc, Incorporated"
UMPQ,"Umpqua Holdings Corporation"
TCBK,"TriCo Bancshares"
TRS,"TriMas Corporation"
TRMB,"Trimble Navigation Limited"
TRN,"Trinity Industries, Inc."
GTS,"Triple-S Management Corporation"
TUP,"Tupperware Brands Corporation"
TQNT,"TriQuint Semiconductor, Inc."
TSC,"TriState Capital Holdings, Inc."
TGI,"Triumph Group, Inc."
TBI,"TrueBlue, Inc."
TRLA,"Trulia, Inc."
TYL,"Tyler Technologies, Inc."
TRST,"TrustCo Bank Corp NY"
USCR,"U S Concrete, Inc."
TRMK,"Trustmark Corporation"
TRW,"TRW Automotive Holdings Corporation"
TTMI,"TTM Technologies, Inc."
USG,"USG Corporation"
UNF,"Unifirst Corporation"
TPC,"Tutor Perini Corporation"
THO,"Thor Industries, Inc."
THOR,"Thoratec Corporation"
TIBX,"TIBCO Software, Inc."
TDW,"Tidewater Inc."
TTS,"Tile Shop Hldgs, Inc."
TLYS,"Tilly's, Inc."
URI,"United Rentals, Inc."
TWTC,"tw telecom inc."
USAP,"Universal Stainless & Alloy Products, Inc."
USMO,"USA Mobility, Inc."
UTI,"Universal Technical Institute Inc"
UACL,"Universal Truckload Services, Inc."
UTMD,"Utah Medical Products, Inc."
USPH,"U.S. Physical Therapy, Inc."
SLCA,"U.S. Silica Holdings, Inc."
UBNT,"Ubiquiti Networks, Inc."
UTIW,"UTi Worldwide Inc."
USLM,"United States Lime & Minerals, Inc."
UVSP,"Univest Corporation of Pennsylvania"
UFPT,"UFP Technologies, Inc."
UTHR,"United Therapeutics Corporation"
VR,"Validus Holdings, Ltd."
UIL,"UIL Holdings Corporation"
VTG,"Vantage Drilling Company"
ULTR,"Ultrapetrol (Bahamas) Limited"
UTEK,"Ultratech, Inc."
UMBF,"UMB Financial Corporation"
UA,"Under Armour, Inc."
UNXL,"Uni-Pixel, Inc."
UFI,"Unifi, Inc."
UNS,"UNS Energy Corporation"
VDSI,"VASCO Data Security International, Inc."
VASC,"Vascular Solutions, Inc."
USNA,"USANA Health Sciences, Inc."
USMD,"USMD Holdings, Inc."
UNIS,"Unilife Corporation"
UBSH,"Union First Market Bankshares Corporation"
URG,"Ur Energy Inc"
USTR,"United Stationers Inc."
UTL,"UNITIL Corporation"
UAM,"Universal American Corp."
AAPL,"Apple Inc."
UVV,"Universal Corporation"
OLED,"Universal Display Corporation"
UEIC,"Universal Electronics Inc."
UBSI,"United Bankshares, Inc."
UCFC,"United Community Financial Corp."
UFPI,"Universal Forest Products, Inc."
UCBI,"United Community Banks, Inc."
UAL,"United Continental Holdings, Inc."
UBNK,"United Financial Bancorp, Inc."
UHS,"Universal Health Services, Inc."
UFCS,"United Fire Group, Inc"
UNFI,"United Natural Foods, Inc."
URS,"URS Corporation"
UVE,"UNIVERSAL INSURANCE HOLDINGS INC"
UNTD,"United Online, Inc."
ECOL,"US Ecology, Inc."
WNC,"Wabash National Corporation"
VICL,"Vical Incorporated"
WBC,"Wabco Holdings Inc."
WAB,"Westinghouse Air Brake Technologies Corporation"
VICR,"Vicor Corporation"
VLGEA,"Village Super Market, Inc."
VRNT,"Verint Systems Inc."
UEC,"Uranium Energy Corp."
VPG,"Vishay Precision Group, Inc."
VPRT,"Vistaprint N.V."
VECO,"Veeco Instruments Inc."
VRSK,"Verisk Analytics, Inc."
WRES,"Warren Resources, Inc."
WDR,"Waddell & Reed Financial, Inc."
WSO,"Watsco, Inc."
VC,"Visteon Corporation"
VHC,"VirnetX Holding Corp"
WAGE,"WageWorks, Inc."
VRTS,"Virtus Investment Partners, Inc."
VSTM,"Verastem, Inc."
PAY,"Verifone Systems, Inc."
VMW,"Vmware, Inc."
MTN,"Vail Resorts, Inc."
VCRA,"Vocera Communications, Inc."
VLY,"Valley National Bancorp"
VMI,"Valmont Industries, Inc."
VOCS,"Vocus, Inc."
VAL,"Valspar Corporation (The)"
VOXX,"VOXX International Corporation"
VVTV,"ValueVision Media, Inc."
VRNG,"Vringo, Inc."
VSEC,"VSE Corporation"
VIAS,"Viasystems Group, Inc."
WTI,"W&T Offshore, Inc."
VGR,"Vector Group Ltd."
VVUS,"VIVUS, Inc."
VOLC,"Volcano Corporation"
VG,"Vonage Holdings Corp."
WBS,"Webster Financial Corporation"
WTW,"Weight Watchers International Inc"
WCG,"WellCare Health Plans, Inc."
WERN,"Werner Enterprises, Inc."
WCC,"WESCO International, Inc."
WTBA,"West Bancorporation"
WSTC,"West Corporation"
WD,"Walker & Dunlop, Inc."
WMAR,"West Marine, Inc."
WSM,"Williams-Sonoma, Inc."
WLB,"Westmoreland Coal Company"
WLT,"Walter Energy, Inc."
WAC,"Walter Investment Management Corp."
WABC,"Westamerica Bancorporation"
WBCO,"Washington Banking Company"
WTS,"Watts Water Technologies, Inc."
WAFD,"Washington Federal, Inc."
WAL,"Western Alliance Bancorporation"
WNR,"Western Refining, Inc."
WASH,"Washington Trust Bancorp, Inc."
WFD,"Westfield Financial, Inc."
WCN,"Waste Connections, Inc."
WPP,"Wausau Paper Corp."
VPFG,"ViewPoint Financial Group, Inc."
WDFC,"WD-40 Company"
WSBF,"Waterstone Financial, Inc."
WLK,"Westlake Chemical Corporation"
WWWW,"Web.com Group, Inc."
WBMD,"WebMD Health Corp"
VITC,"Vitacost.com, Inc."
VSI,"Vitamin Shoppe, Inc"
WIBC,"Wilshire Bancorp, Inc."
WINA,"Winmark Corporation"
WR,"Westar Energy, Inc."
WGO,"Winnebago Industries, Inc."
WSTL,"Westell Technologies, Inc."
WTFC,"Wintrust Financial Corporation"
WETF,"WisdomTree Investments, Inc."
XNPT,"XenoPort, Inc."
XRM,"Xerium Technologies, Inc."
XOOM,"Xoom Corporation"
WHG,"Westwood Holdings Group Inc"
WTSL,"The Wet Seal, Inc."
WEX,"WEX Inc."
WEYS,"Weyco Group, Inc."
XPO,"XPO Logistics, Inc."
YELP,"Yelp Inc."
YORW,"The York Water Company"
YRCW,"YRC Worldwide, Inc."
WGL,"WGL Holdings Inc"
WWW,"Wolverine World Wide, Inc."
INT,"World Fuel Services Corporation"
ZLC,"Zale Corporation"
WWAV,"Whitewave Foods Company (The)"
WTM,"White Mountains Insurance Group, Ltd."
WHF,"WhiteHorse Finance, Inc."
ZBRA,"Zebra Technologies Corporation"
ZLTQ,"ZELTIQ Aesthetics, Inc."
WLL,"Whiting Petroleum Corporation"
ZEP,"Zep Inc."
Z,"Zillow, Inc."
ZIOP,"ZIOPHARM Oncology Inc"
WDAY,"Workday, Inc."
WG,"Willbros Group, Inc."
WAIR,"Wesco Aircraft Holdings, Inc."
WOR,"Worthington Industries, Inc."
ZUMZ,"Zumiez Inc."
WLH,"Lyon William Homes"
WST,"West Pharmaceutical Services, Inc."
CWEI,"Clayton Williams Energy, Inc."
WMGI,"Wright Medical Group, Inc."
WRLD,"World Acceptance Corporation"
WSFS,"WSFS Financial Corporation"
XOMA,"XOMA Corporation"
YDKN,"Yadkin Financial Corporation"
ZAZA,"ZaZa Energy Corporation"
ZIXI,"Zix Corporation"
ZGNX,"Zogenix, Inc."
CSE,"CapitalSource Inc."
CLF,"Cliffs Natural Resources Inc."
LIFE,"Life Technologies"
OFIX,"Orthofix International N.V."
PACR,"Pacer International, Inc."
PTGI,"PTGi Holding, Inc"
SANM,"Sanmina Corporation"
SUPX,"Supertex Inc."
TAL,"TAL International Group, Inc."
SYX,"Systemax Inc."
TDY,"Teledyne Technologies Incorporated"
TGH,"Textainer Group Holdings Limited"
TESS,"TESSCO Technologies Incorporated"
TREX,"Trex Company, Inc."
TRI,"Thomson Reuters Corp"
JNY,"The Jones Group Inc."
TITN,"Titan Machinery Inc."
TW,"Towers Watson & Co"
TOL,"Toll Brothers Inc."
TDG,"Transdigm Group Incorporated"
TRR,"TRC Companies, Inc."
WOOF,"VCA Antech, Inc."
VVC,"Vectren Corporation"
WSBC,"WesBanco, Inc."
ZNGA,"Zynga Inc."
SCMP,"Sucampo Pharmaceuticals, Inc."
SRI,"Stoneridge, Inc."
BEN,"Franklin Resources, Inc."
DVN,"Devon Energy Corporation"
JOY,"Joy Global Inc."
CHK,"Chesapeake Energy Corporation"
CVS,"CVS Corporation"
CMCSA,"Comcast Corporation"
SNDK,"SanDisk Corporation"
COL,"Rockwell Collins, Inc."
BHE,"Benchmark Electronics, Inc."
BGCP,"BGC Partners, Inc."
WRB,"W.R. Berkley Corporation"
BHLB,"Berkshire Hills Bancorp, Inc."
BIG,"Big Lots, Inc."
BCEI,"Bonanza Creek Energy, Inc."
BH,"Biglari Holdings Inc."
BDSI,"BioDelivery Sciences International, Inc."
BMRN,"BioMarin Pharmaceutical Inc."
BIOL,"Biolase, Inc."
BIO,"Bio-Rad Laboratories, Inc."
BRLI,"Bio-Reference Laboratories, Inc."
BIOS,"BioScrip, Inc."
BJRI,"BJ's Restaurants, Inc."
BBOX,"Black Box Corporation"
BTX,"BioTime, Inc."
BAH,"Booz Allen Hamilton Holding Corporation"
BKH,"Black Hills Corporation"
HAWK,"Blackhawk Network Holdings, Inc."
BLMN,"Bloomin' Brands, Inc."
BLKB,"Blackbaud, Inc."
BKCC,"BlackRock Kelso Capital Corporation"
BLT,"Blount International, Inc."
NILE,"Blue Nile, Inc."
BCOR,"Blucora, Inc."
BXC,"BlueLinx Holdings Inc."
BTH,"Blyth, Inc."
BNCN,"BNC Bancorp"
BODY,"Body Central Corp."
BOBE,"Bob Evans Farms, Inc."
BOFI,"BofI Holding, Inc."
WIFI,"Boingo Wireless, Inc."
HNH,"Handy & Harman Ltd."
BOLT,"Bolt Technology Corporation"
BONT,"The Bon-Ton Stores, Inc."
BOKF,"BOK Financial Corporation"
SAM,"Boston Beer Company, Inc. (The)"
BPFH,"Boston Private Financial Holdings, Inc."
EPAY,"Bottomline Technologies, Inc."
BDBD,"Boulder Brands, Inc."
BYD,"Boyd Gaming Corporation"
BPZ,"BPZ Resources, Inc"
BBRG,"Bravo Brio Restaurant Group, Inc."
BPI,"Bridgepoint Education, Inc."
BRC,"Brady Corporation"
BBNK,"Bridge Capital Holdings"
BDGE,"Bridge Bancorp, Inc."
BGG,"Briggs & Stratton Corporation"
BCOV,"Brightcove Inc."
EAT,"Brinker International, Inc."
BCO,"Brink's Company (The)"
CARB,"Carbonite, Inc."
BRS,"Bristow Group Inc"
BR,"Broadridge Financial Solutions, Inc."
BRKS,"Brooks Automation, Inc."
BRCD,"Brocade Communications Systems, Inc."
BSFT,"BroadSoft, Inc."
BKD,"Brookdale Senior Living Inc."
BRKL,"Brookline Bancorp, Inc."
BRKR,"Bruker Corporation"
BRO,"Brown & Brown, Inc."
BC,"Brunswick Corporation"
BKE,"Buckle, Inc. (The)"
BWLD,"Buffalo Wild Wings, Inc."
BLDR,"Builders FirstSource, Inc."
CFFI,"C&F Financial Corporation"
BKW,"Burger King Worldwide Inc."
BG,"Bunge Limited"
CAB,"Cabela's Inc"
CCMP,"Cabot Microelectronics Corporation"
CBT,"Cabot Corporation"
CACI,"CACI International, Inc."
CDNS,"Cadence Design Systems, Inc."
HERO,"Hercules Offshore, Inc."
CZR,"Caesars Entertainment Corporation"
CAP,"Cai International, Inc."
DVR,"Cal Dive International, Inc."
CALM,"Cal-Maine Foods, Inc."
CLMS,"Calamos Asset Management, Inc."
CVGW,"Calavo Growers, Inc."
CAMP,"CalAmp Corp."
CCC,"Calgon Carbon Corporation"
CFNB,"California First National Bancorp"
CWT,"California Water  Service Group Holding"
CALX,"Calix, Inc"
ELY,"Callaway Golf Company"
CPN,"Calpine Corporation"
CALD,"Callidus Software, Inc."
CBM,"Cambrex Corporation"
CAC,"Camden National Corporation"
CMN,"Cantel Medical Corp."
CSU,"Capital Senior Living Corporation"
CPLA,"Capella Education Company"
CFFN,"Capitol Federal Financial, Inc."
CCBG,"Capital City Bank Group"
CSWC,"Capital Southwest Corporation"
CPST,"Capstone Turbine Corporation"
CRR,"Carbo Ceramics, Inc."
CFNL,"Cardinal Financial Corporation"
CSII,"Cardiovascular Systems, Inc."
CATM,"Cardtronics, Inc."
CSL,"Carlisle Companies Incorporated"
CKEC,"Carmike Cinemas, Inc."
CRS,"Carpenter Technology Corporation"
TAST,"Carrols Restaurant Group, Inc."
CRZO,"Carrizo Oil & Gas, Inc."
CRI,"Carter's, Inc."
CASY,"Caseys General Stores, Inc."
CACB,"Cascade Bancorp"
CWST,"Casella Waste Systems, Inc."
CAS,"Castle (A.M.) & Co."
CSH,"Cash America International, Inc."
CTRX,"Catamaran Corporation"
CASS,"Cass Information Systems, Inc"
CATY,"Cathay General Bancorp"
CATO,"Cato Corporation (The)"
CVCO,"Cavco Industries, Inc."
CDI,"CDI Corporation"
CBEY,"Cbeyond, Inc."
CBZ,"CBIZ, Inc."
CBOE,"CBOE Holdings, Inc."
CECE,"CECO Environmental Corp."
CGI,"Celadon Group, Inc."
CE,"Celanese Corporation"
CTIC,"Cell Therapeutics, Inc."
CNC,"Centene Corporation"
CSFL,"CenterState Banks, Inc."
CNBC,"Center Bancorp, Inc."
CETV,"Central European Media Enterprises Ltd."
CENTA,"Central Garden & Pet Company"
CPF,"CPB Inc."
CENX,"Century Aluminum Company"
CNBKA,"Century Bancorp, Inc."
CVO,"Cenveo Inc"
CPHD,"CEPHEID"
CERS,"Cerus Corporation"
CRL,"Charles River Laboratories International, Inc."
ECOM,"ChannelAdvisor Corporation"
CEVA,"CEVA, Inc."
GTLS,"Chart Industries, Inc."
CHE,"Chemed Corp."
CHFN,"Charter Financial Corp."
CHTR,"Charter Communications, Inc."
CCF,"Chase Corporation"
CKP,"Checkpoint Systms, Inc."
CHEF,"The Chefs' Warehouse, Inc."
CAKE,"The Cheesecake Factory Incorporated"
CHTP,"Chelsea Therapeutics International, Ltd."
CHFC,"Chemical Financial Corporation"
CCXI,"ChemoCentryx, Inc."
CHMT,"Chemtura Corp."
CHMG,"Chemung Financial Corp"
LNG,"Cheniere Energy, Inc."
CPK,"Chesapeake Utilities Corporation"
CBI,"Chicago Bridge & Iron Company N.V."
PLCE,"The Children's Place Retail Stores, Inc."
CMRX,"Chimerix, Inc."
CHH,"Choice Hotels International, Inc."
CHDX,"Chindex International, Inc."
CQB,"Chiquita Brands International, Inc."
CBK,"Christopher & Banks Corporation"
CHD,"Church & Dwight Company, Inc."
CHDN,"Churchill Downs, Incorporated"
CHUY,"Chuy's Holdings, Inc."
CIEN,"Ciena Corporation"
CRUS,"Cirrus Logic, Inc."
CBR,"Ciber, Inc."
CIFC,"CIFC Corp."
CBB,"Cincinnati Bell Inc"
XEC,"Cimarex Energy Co"
CIT,"CIT Group Inc (DEL)"
CTRN,"Citi Trends, Inc."
CZNC,"Citizens & Northern Corp"
CIA,"Citizens, Inc."
CLC,"CLARCOR Inc."
COKE,"Coca-Cola Bottling Co. Consolidated"
CHCO,"City Holding Company"
CYN,"City National Corporation"
CLH,"Clean Harbors, Inc."
CCOI,"Cogent Communications Group, Inc."
CLNE,"Clean Energy Fuels Corp."
CCO,"Clear Channel Outdoor Holdings, Inc."
CLW,"Clearwater Paper Corporation"
CSBK,"Clifton Bancorp Inc."
CLVS,"Clovis Oncology, Inc."
CLD,"Cloud Peak Energy Inc"
CCNE,"CNB Financial Corporation"
CTS,"CTS Corporation"
CNA,"CNA Financial Corporation"
CNO,"CNO Financial Group, Inc."
CIE,"Cobalt International Energy, Inc."
COBZ,"CoBiz Financial Inc."
CDE,"Coeur Mining, Inc."
CNS,"Cohn & Steers Inc"
COHR,"Coherent, Inc."
CFX,"Colfax Corporation"
COHU,"Cohu, Inc."
CMCO,"Columbus McKinnon Corporation"
COLB,"Columbia Banking System, Inc."
FIX,"Comfort Systems USA, Inc."
CMC,"Commercial Metals Company"
CVGI,"Commercial Vehicle Group, Inc."
CBU,"Community Bank System, Inc."
CBSH,"Commerce Bancshares, Inc."
CVLT,"CommVault Systems, Inc."
CMP,"Compass Minerals International, Inc."
CTBI,"Community Trust Bancorp, Inc."
CPSI,"Computer Programs and Systems, Inc."
CPRT,"Copart, Inc."
CNSI,"Comverse Inc."
SCOR,"comScore, Inc."
CTO,"Consolidated-Tomoka Land Co."
CXO,"Concho Resources Inc."
CVA,"Covanta Holding Corporation"
CONN,"Conn's, Inc."
CMTL,"Comtech Telecommunications Corp."
CNSL,"Consolidated Communications Holdings, Inc."
CTWS,"Connecticut Water Service, Inc."
CPSS,"Consumer Portfolio Services, Inc."
CTCT,"Constant Contact, Inc."
MCF,"Contango Oil & Gas Company"
CLR,"Continental Resources, Inc."
CVG,"Convergys Corporation"
CNW,"Con-way Inc."
COO,"Cooper Companies, Inc. (The)"
CPA,"Copa Holdings, S.A."
CORT,"Corcept Therapeutics Incorporated"
CORE,"Core-Mark Holding Company, Inc."
CLGX,"CoreLogic, Inc."
COCO,"Corinthian Colleges, Inc."
CSOD,"Cornerstone OnDemand, Inc."
CNDO,"Coronado Biosciences, Inc."
CEB,"The Corporate Executive Board Company"
JKHY,"Jack Henry & Associates, Inc."
CSGP,"CoStar Group, Inc."
CRAY,"Cray Inc"
CRRC,"Courier Corporation"
CRAI,"CRA International,Inc."
BREW,"Craft Brew Alliance, Inc."
CACC,"Credit Acceptance Corporation"
CBRL,"Cracker Barrel Old Country Store, Inc."
CCRN,"Cross Country Healthcare, Inc."
CCK,"Crown Holdings, Inc."
CRWN,"Crown Media Holdings, Inc."
CSGS,"CSG Systems International, Inc."
CMLS,"Cumulus Media Inc."
CUNB,"CU Bancorp (CA)"
CUB,"Cubic Corporation"
CRIS,"Curis, Inc."
CBST,"Cubist Pharmaceuticals, Inc."
CFI,"Culp, Inc."
CUBI,"Customers Bancorp, Inc"
CW,"Curtiss-Wright Corporation"
CVBF,"CVB Financial Corporation"
CYNO,"Cynosure, Inc."
CVI,"CVR Energy Inc."
CUTR,"Cutera, Inc."
CYTX,"Cytori Therapeutics Inc"
DJCO,"Daily Journal Corp. (S.C.)"
CY,"Cypress Semiconductor Corporation"
CYTK,"Cytokinetics, Incorporated"
CYT,"Cytec Industries Inc."
DAN,"Dana Holding Corporation"
DAR,"Darling International Inc."
DF,"Dean Foods Company"
TRAK,"Dealertrack Technologies, Inc."
DWSN,"Dawson Geophysical Company"
DECK,"Deckers Outdoor Corporation"
DFRG,"Del Frisco's Restaurant Group, Inc."
DGAS,"Delta Natural Gas Company, Inc."
DEL,"Deltic Timber Corporation"
DLX,"Deluxe Corporation"
DMD,"Demand Media Inc."
DWRE,"DEMANDWARE, INC."
DNDN,"Dendreon Corporation"
DENN,"Denny's Corporation"
DEST,"Destination Maternity Corporation"
DSCI,"Derma Sciences, Inc."
DXLG,"Destination XL Group, Inc."
DXM,"Dex Media, Inc."
DXCM,"DexCom, Inc."
DMND,"Diamond Foods, Inc."
DLLR,"DFC Global Corp"
DHIL,"Diamond Hill Investment Group, Inc."
FANG,"Diamondback Energy, Inc."
DHX,"Dice Holdings, Inc."
DKS,"Dick's Sporting Goods Inc"
DDS,"Dillard's, Inc."
DBD,"Diebold, Incorporated"
DMRC,"Digimarc Corporation"
DRIV,"Digital River, Inc."
DGI,"DigitalGlobe, Inc"
DCOM,"Dime Community Bancshares, Inc."
DIOD,"Diodes Incorporated"
BAGR,"Diversified Restaurant Holdings, Inc."
DPZ,"Domino's Pizza Inc"
DLB,"Dolby Laboratories"
DCI,"Donaldson Company, Inc."
UFS,"Domtar Corporation"
RRD,"R.R. Donnelley & Sons Company"
DGICA,"Donegal Group, Inc."
DRL,"Doral Financial Corporation"
DORM,"Dorman Products, Inc."
PLOW,"Douglas Dynamics, Inc."
DRC,"Dresser-Rand Group Inc."
DW,"Drew Industries Incorporated"
DSPG,"DSP Group, Inc."
DRQ,"Dril-Quip, Inc."
DST,"DST Systems, Inc."
DNKN,"Dunkin' Brands Group, Inc."
DCO,"Ducommun Incorporated"
DTSI,"DTS, Inc."
DYAX,"Dyax Corp."
DVAX,"Dynavax Technologies Corporation"
DYN,"Dynegy Inc."
ESC,"Emeritus Corporation"
BOOM,"Dynamic Materials Corporation"
EXP,"Eagle Materials Inc"
EGBN,"Eagle Bancorp, Inc."
ELNK,"EarthLink Holdings Corp."
EV,"Eaton Vance Corporation"
EBIX,"Ebix, Inc."
EDMC,"Education Management Corporation"
EGAN,"eGain Corporation"
EHTH,"eHealth, Inc."
BAGL,"Einstein Noah Restaurant Group, Inc."
EE,"El Paso Electric Company"
ELRC,"Electro Rent Corporation"
ESIO,"Electro Scientific Industries, Inc."
EFII,"Electronics for Imaging, Inc."
ELLI,"Ellie Mae, Inc."
EMCI,"EMC Insurance Group Inc."
EME,"EMCOR Group, Inc."
EOX,"Emerald Oil, Inc."
EBS,"Emergent Biosolutions, Inc."
EDE,"Empire District Electric Company (The)"
ENTA,"Enanta Pharmaceuticals, Inc."
END,"Endeavor International Corporation"
ECPG,"Encore Capital Group Inc"
ENDP,"Endo International plc"
WIRE,"Encore Wire Corporation"
ENH,"Endurance Specialty Holdings Ltd"
ELGX,"Endologix, Inc."
ENOC,"EnerNOC, Inc."
EXXI,"Energy XXI (Bermuda) Limited"
EGN,"Energen Corporation"
ENPH,"Enphase Energy, Inc."
EGL,"Engility Holdings, Inc."
NPO,"Enpro Industries"
ENSG,"The Ensign Group, Inc."
ESGR,"Enstar Group Limited"
EBTC,"Enterprise Bancorp Inc"
ENTG,"Entegris, Inc."
ETM,"Entercom Communications Corporation"
EVC,"Entravision Communications Corporation"
EFSC,"Enterprise Financial Services Corporation"
ENV,"Envestnet, Inc"
ENTR,"Entropic Communications, Inc."
EPAM,"EPAM Systems, Inc."
EPZM,"Epizyme, Inc."
EPIQ,"EPIQ Systems, Inc."
EPL,"EPL Oil & Gas, Inc."
PLUS,"ePlus inc."
EQU,"Equal Energy Ltd."
ERA,"Era Group, Inc."
EQIX,"Equinix, Inc."
ERIE,"Erie Indemnity Company"
EAC,"Erickson Incorporated"
ESBF,"ESB Financial Corporation"
EXEL,"Exelixis, Inc."
ESSA,"ESSA Bancorp, Inc."
ESE,"ESCO Technologies Inc."
ETH,"Ethan Allen Interiors Inc."
EVR,"Evercore Partners Inc"
EVER,"EverBank Financial Corp."
EEFT,"Euronet Worldwide, Inc."
EVRY,"EveryWare Global, Inc."
EVTC,"Evertec, Inc."
RE,"Everest Re Group, Ltd."
EPM,"Evolution Petroleum Corporation, Inc."
EXAR,"Exar Corporation"
EXAC,"Exactech, Inc."
EXAM,"ExamWorks Group, Inc."
EXLS,"ExlService Holdings, Inc."
XCO,"EXCO Resources NL"
XLS,"Exelis Inc."
XONE,"The ExOne Company"
FWM,"Fairway Group Holdings Corp."
EXPR,"Express, Inc."
EXPO,"Exponent, Inc."
EXH,"Exterran Holdings, Inc."
FN,"Fabrinet"
EZPW,"EZCORP, Inc."
LION,"Fidelity Southern Corporation"
FDS,"FactSet Research Systems Inc."
FICO,"Fair Isaac Corporation"
FCS,"Fairchild Semiconductor International, Inc."
FFKT,"Farmers Capital Bank Corporation"
FRP,"FairPoint Communications, Inc."
FARO,"FARO Technologies, Inc."
FARM,"Farmer Brothers Company"
FFG,"FBL Financial Group, Inc."
FBRC,"FBR & Co"
FDML,"Federal-Mogul Holdings Corporation"
AGM,"Federal Agricultural Mortgage Corporation"
FII,"Federated Investors, Inc."
FEIC,"FEI Company"
FSS,"Federal Signal Corporation"
FOE,"Ferro Corporation"
FCSC,"Fibrocell Science Inc"
FNF,"Fidelity National Financial, Inc."
FDUS,"Fidus Investment Corporation"
FHN,"First Horizon National Corporation"
FSC,"Fifth Street Finance Corp."
FRGI,"Fiesta Restaurant Group, Inc."
FNGN,"Financial Engines, Inc."
FISI,"Financial Institutions, Inc."
FAF,"First American Corporation (The)"
FBNC,"First Bancorp"
FINL,"The Finish Line, Inc."
FNLC,"First Bancorp, Inc (ME)"
FBP,"First BanCorp."
FCNCA,"First Citizens BancShares, Inc."
FCF,"First Commonwealth Financial Corporation"
FBNK,"First Connecticut Bancorp, Inc."
FCBC,"First Community Bancshares, Inc."
FDEF,"First Defiance Financial Corp."
FFBH,"First Federal Bancshares of Arkansas, Inc."
THFF,"First Financial Corporation Indiana"
FFNW,"First Financial Northwest, Inc."
FIBK,"First Interstate BancSystem, Inc."
FRME,"First Merchants Corporation"
FLIC,"The First of Long Island Corporation"
FMD,"First Marblehead Corporation (The)"
FMBI,"First Midwest Bancorp, Inc."
NBCB,"First NBC Bank Holding Company"
FNFG,"First Niagara Financial Group Inc."
FRC,"FIRST REPUBLIC BANK"
HCCI,"Heritage-Crystal Clean, Inc."
BANC,"Banc of California, Inc."
FSGI,"First Security Group, Inc."
SVVC,"Firsthand Technology Value Fund, Inc."
FLT,"FleetCor Technologies, Inc."
FMER,"FirstMerit Corporation"
FIVE,"Five Below, Inc."
FLTX,"Fleetmatics Group PLC"
FLO,"Flowers Foods, Inc."
FLDM,"Fluidigm Corporation"
FNB,"F.N.B. Corporation"
FL,"Foot Locker, Inc."
FST,"Forest Oil Corporation"
FOR,"Forestar Group Inc"
FORR,"Forrester Research, Inc."
FORM,"FormFactor, Inc."
FWRD,"Forward Air Corporation"
FBHS,"Fortune Brands Home & Security, Inc."
FET,"Forum Energy Technologies, Inc."
FXCB,"Fox Chase Bancorp, Inc."
FSTR,"L.B. Foster Company"
FRAN,"Francesca's Holdings Corporation"
FELE,"Franklin Electric Co., Inc."
FC,"Franklin Covey Company"
FRNK,"Franklin Financial Corporation"
FSL,"Freescale Semiconductor, Ltd."
FDP,"Fresh Del Monte Produce, Inc."
RAIL,"Freightcar America, Inc."
TFM,"The Fresh Market, Inc."
FRO,"Frontline Ltd."
FCN,"FTI Consulting, Inc."
FSYS,"Fuel Systems Solutions, Inc."
FCEL,"FuelCell Energy, Inc."
FUL,"H. B. Fuller Company"
GARS,"Garrison Capital Inc."
FURX,"Furiex Pharmaceuticals, Inc."
FF,"FutureFuel Corp."
FXCM,"FXCM Inc."
GCAP,"GAIN Capital Holdings, Inc."
GALE,"Galena Biopharma, Inc."
GK,"G&K Services, Inc."
GBL,"Gamco Investors, Inc."
AJG,"Arthur J. Gallagher & Co."
ROCK,"Gibraltar Industries, Inc."
GLOG,"GasLog Ltd."
GST,"Gastar Exploration Inc."
IT,"Gartner, Inc."
GMT,"GATX Corporation"
GNRC,"Generac Holdlings Inc."
GY,"GenCorp Inc."
GMO,"General Moly, Inc"
GNMK,"GenMark Diagnostics, Inc."
GCO,"Genesco Inc."
GWR,"Genesee & Wyoming, Inc."
GHDX,"Genomic Health, Inc."
GBLI,"Global Indemnity plc"
G,"Genpact Limited"
HASI,"Hannon Armstrong Sustainable Infrastructure Capital, Inc."
GNTX,"Gentex Corporation"
THRM,"Gentherm Inc"
GTIV,"Gentiva Health Services, Inc."
GABC,"German American Bancorp, Inc."
GFIG,"GFI Group Inc."
GIII,"G-III Apparel Group, LTD."
GLAD,"Gladstone Capital Corporation"
GAIN,"Gladstone Investment Corporation"
HDNG,"Hardinge, Inc."
GXP,"Great Plains Energy Inc"
BRSS,"Global Brass and Copper Holdings, Inc."
ENT,"Global Eagle Entertainment Inc."
GCA,"Global Cash Access Holdings, Inc."
GLT,"Glatfelter"
HLIT,"Harmonic Inc."
GLPW,"Global Power Equipment Group Inc"
GMED,"Globus Medical, Inc."
HHS,"Harte-Hanks, Inc."
HE,"Hawaiian Electric Industries, Inc."
GSM,"Globe Specialty Metals Inc."
GNC,"GNC Holdings, Inc."
GLNG,"Golar LNG Limited"
GORO,"Gold Resource Corporation"
GBDC,"Golub Capital BDC, Inc."
GMAN,"Gordmans Stores, Inc."
GDP,"Goodrich Petroleum Corporation"
GDOT,"Green Dot Corporation"
GRC,"Gorman-Rupp Company (The)"
GPX,"GP Strategies Corporation"
GRA,"W.R. Grace & Co."
GTI,"GrafTech International Ltd"
LOPE,"Grand Canyon Education, Inc."
GVA,"Granite Construction Incorporated"
GSBC,"Great Southern Bancorp, Inc."
GB,"Greatbatch, Inc."
GTN,"Gray Television, Inc."
GLDD,"Great Lakes Dredge & Dock Corporation"
GPK,"Graphic Packaging Holding Company"
HA,"Hawaiian Holdings, Inc."
HAYN,"Haynes International, Inc."
HWKN,"Hawkins, Inc."
HCI,"HCI Group, Inc."
HCC,"HCC Insurance Holdings, Inc."
HIIQ,"Health Insurance Innovations, Inc."
HWAY,"Healthways, Inc."
HL,"Hecla Mining Company"
HEI,"Heico Corporation"
GTAT,"GT Advanced Technologies, Inc."
GBNK,"Guaranty Bancorp"
GUID,"Guidance Software, Inc."
HCKT,"The Hackett Group, Inc."
HK,"Halcon Resources Corporation"
GLRE,"Greenlight Reinsurance, Ltd."
GHL,"Greenhill & Co., Inc."
FLWS,"1-800 FLOWERS.COM, Inc."
FUBC,"1st United Bancorp, Inc. (FL)"
SRCE,"1st Source Corporation"
EGHT,"8x8 Inc"
AVHI,"A V Homes, Inc."
ACCO,"Acco Brands Corporation"
DDD,"3D Systems Corporation"
AHC,"A.H. Belo Corporation"
AAON,"AAON, Inc."
AIR,"AAR Corp."
ANF,"Abercrombie & Fitch Company"
AAN,"Aaron's,  Inc."
ABAX,"ABAXIS, Inc."
ABM,"ABM Industries Incorporated"
ABMD,"ABIOMED, Inc."
AXAS,"Abraxas Petroleum Corporation"
ACTG,"Acacia Research Corporation"
ACHC,"Acadia Healthcare Company, Inc."
ANCX,"Access National Corporation"
ACAD,"ACADIA Pharmaceuticals Inc."
ARAY,"Accuray Incorporated"
ACCL,"Accelrys, Inc."
AXDX,"Accelerate Diagnostics, Inc."
ACRX,"AcelRx Pharmaceuticals, Inc."
ACIW,"ACI Worldwide, Inc."
ACW,"Accuride Corporation New"
ACET,"Aceto Corporation"
ACOR,"Acorda Therapeutics, Inc."
BIRT,"Actuate Corporation"
ACFN,"Acorn Energy, Inc."
ATU,"Actuant Corporation"
AEGR,"Aegerion Pharmaceuticals, Inc."
AE,"Adams Resources & Energy, Inc."
ADTN,"ADTRAN, Inc."
AYI,"Acuity Brands Inc"
ATVI,"Activision Blizzard, Inc"
ACXM,"Acxiom Corporation"
ADES,"Advanced Emissions Solutions, Inc."
ADUS,"Addus HomeCare Corporation"
AMD,"Advanced Micro Devices, Inc."
AAP,"Advance Auto Parts Inc"
AEIS,"Advanced Energy Industries, Inc."
AEGN,"Aegion Corp"
ADVS,"Advent Software, Inc."
ABCO,"The Advisory Board Company"
AFFX,"Affymetrix, Inc."
AGYS,"Agilysys, Inc."
ARX,"Aeroflex Holding Corp."
ARO,"Aeropostale Inc"
AEPI,"AEP Industries Inc."
AVAV,"AeroVironment, Inc."
AGCO,"AGCO Corporation"
AL,"Air Lease Corporation"
AMG,"Affiliated Managers Group, Inc."
AYR,"Aircastle Limited"
AKS,"AK Steel Holding Corporation"
ATSG,"Air Transport Services Group, Inc"
AIRM,"Air Methods Corporation"
ALG,"Alamo Group, Inc."
ALB,"Albemarle Corporation"
AKRX,"Akorn, Inc."
AIN,"Albany International Corporation"
ALK,"Alaska Air Group, Inc."
ALGN,"Align Technology, Inc."
AMRI,"Albany Molecular Research, Inc."
ALKS,"Alkermes plc"
GRIF,"Griffin Land & Nurseries, Inc."
ALR,"Alere Inc."
ALEX,"Alexander & Baldwin Holdings, Inc."
ALCO,"Alico, Inc."
ALIM,"Alimera Sciences, Inc."
Y,"Alleghany Corporation"
ALGT,"Allegiant Travel Company"
ALE,"Allete, Inc."
AFOP,"Alliance Fiber Optic Products, Inc."
AIQ,"Alliance HealthCare Services, Inc."
AOI,"Alliance One International, Inc."
ATK,"Alliant Techsystems Inc."
AOSL,"Alpha and Omega Semiconductor Limited"
LNT,"Alliant Energy Corporation"
ANV,"Allied Nevada Gold Corp."
AWH,"Allied World Assurance Company Holdings, AG"
ALSN,"Allison Transmission Holdings, Inc."
AFAM,"Almost Family Inc"
MDRX,"Allscripts Healthcare Solutions, Inc."
ALNY,"Alnylam Pharmaceuticals, Inc."
ALJ,"Alon USA Energy, Inc."
ANR,"Alpha Natural Resources, inc."
UHAL,"Amerco"
ATEC,"Alphatec Holdings, Inc."
RESI,"Altisource Residential Corporation"
AIMC,"Altra Industrial Motion Corp."
AMBC,"Ambac Financial Group, Inc."
AMAG,"AMAG Pharmaceuticals, Inc."
AMBA,"Ambarella, Inc."
AMCX,"AMC Networks Inc."
ACO,"Amcol International Corporation"
AMED,"Amedisys Inc"
DOX,"Amdocs Limited"
APEI,"American Public Education, Inc."
AMRC,"Ameresco, Inc."
AXL,"American Axle & Manufacturing Holdings, Inc."
ASEI,"American Science and Engineering, Inc."
APP,"American Apparel Inc"
AEO,"American Eagle Outfitters, Inc."
ARII,"American Railcar Industries, Inc."
AFG,"American Financial Group, Inc."
ACAS,"American Capital, Ltd."
AMNB,"American National Bankshares, Inc."
ANAT,"American National Insurance Company"
ATLO,"Ames National Corporation"
AMSWA,"American Software, Inc."
AWR,"American States Water Company"
AWK,"American Water Works"
AVD,"American Vanguard Corporation"
CRMT,"America's Car-Mart, Inc."
AMWD,"American Woodmark Corporation"
ABCB,"Ameris Bancorp"
FOLD,"Amicus Therapeutics, Inc."
AP,"Ampco-Pittsburgh Corporation"
AMSF,"AMERISAFE, Inc."
AMKR,"Amkor Technology, Inc."
AMPE,"Ampio Pharmaceuticals, Inc."
AHS,"AMN Healthcare Services Inc"
AMSG,"Amsurg Corp."
AFSI,"AmTrust Financial Services, Inc."
ANDE,"The Andersons, Inc."
ANAC,"Anacor Pharmaceuticals, Inc."
AMRS,"Amyris, Inc."
ANGI,"Angie's List, Inc."
ANAD,"ANADIGICS, Inc."
ANIK,"Anika Therapeutics Inc."
ANGO,"AngioDynamics, Inc."
AXE,"Anixter International Inc."
ATRS,"Antares Pharma, Inc."
BNNY,"Annie's, Inc."
ANSS,"ANSYS, Inc."
APOG,"Apogee Enterprises, Inc."
ANN,"ANN INC."
APAGF,"Apco Oil and Gas International Inc."
AOL,"AOL Inc."
ATNY,"API Technologies Corp."
APOL,"Apollo Education Group, Inc."
AMCC,"Applied Micro Circuits Corporation"
ACI,"Arch Coal, Inc."
ATR,"AptarGroup, Inc."
AIT,"Applied Industrial Technologies, Inc."
AINV,"Apollo Investment Corporation"
AREX,"Approach Resources Inc."
WTR,"Aqua America, Inc."
ARSD,"Arabian American Development Company"
ARC,"ARC Document Solutions, Inc."
ACGL,"Arch Capital Group Ltd."
ACAT,"Arctic Cat Inc."
AGX,"Argan, Inc."
ARNA,"Arena Pharmaceuticals, Inc."
ABFS,"Arkansas Best Corporation"
AI,"Arlington Asset Investment Corp"
ARCC,"Ares Capital Corporation"
AWI,"Armstrong World Industries Inc"
AGII,"Argo Group International Holdings, Ltd."
ARQL,"ArQule, Inc."
ARIA,"ARIAD Pharmaceuticals, Inc."
ARRS,"ARRIS Group, Inc."
AROW,"Arrow Financial Corporation"
ARRY,"Array BioPharma Inc."
ARW,"Arrow Electronics, Inc."
APAM,"Artisan Partners Asset Management Inc."
ASCMA,"Ascent Capital Group, Inc."
ARTC,"ArthroCare Corporation"
ARTNA,"Artesian Resources Corporation"
ARUN,"Aruba Networks, Inc."
ABG,"Asbury Automotive Group Inc"
ASNA,"Ascena Retail Group, Inc."
ASBC,"Associated Banc-Corp"
AHL,"Aspen Insurance Holdings Limited"
ASH,"Ashland Inc."
AGO,"Assured Guaranty Ltd."
AZPN,"Aspen Technology, Inc."
ASTE,"Astec Industries, Inc."
ATHN,"athenahealth, Inc."
ATRO,"Astronics Corporation"
AF,"Astoria Financial Corporation"
AT,"Atlantic Power Corporation"
ATML,"Atmel Corporation"
ATNI,"Atlantic Tele-Network, Inc."
AAWW,"Atlas Air Worldwide Holdings"
ATO,"Atmos Energy Corporation"
ATRC,"AtriCure, Inc."
ADNC,"Audience, Inc."
ATRI,"ATRION Corporation"
AVEO,"AVEO Pharmaceuticals, Inc."
AVGO,"Avago Technologies Limited"
AVNR,"Avanir Pharmaceuticals, Inc."
AVNW,"Aviat Networks, Inc."
CAR,"Avis Budget Group, Inc."
AVG,"AVG Technologies N.V."
AVID,"Avid Technology, Inc."
ACLS,"Axcelis Technologies, Inc."
AVT,"Avnet, Inc."
AXLL,"Axiall Corporation"
AVX,"AVX Corporation"
BGS,"B&G Foods, Inc."
AXS,"Axis Capital Holdings Limited"
AZZ,"AZZ Incorporated"
BWC,"Babcock & Wilcox Company (The)"
BCPC,"Balchem Corporation"
BMI,"Badger Meter, Inc."
BWINB,"Baldwin & Lyons, Inc."
BYI,"Bally Technologies, Inc."
BANF,"BancFirst Corporation"
BLX,"Banco Latinoamericano de Comercio Exterior, S.A."
TBBK,"The Bancorp, Inc."
BKYF,"The Bank of Kentucky Financial Corp."
BXS,"BancorpSouth, Inc."
BKMU,"Bank Mutual Corporation"
BKU,"BankUnited, Inc."
BOH,"Bank of Hawaii Corporation"
BMRC,"Bank of Marin Bancorp"
OZRK,"Bank of the Ozarks"
BFIN,"BankFinancial Corporation"
RATE,"Bankrate, Inc."
BKS,"Barnes & Noble, Inc."
BANR,"Banner Corporation"
BHB,"Bar Harbor Bankshares, Inc."
BDE,"Black Diamond, Inc."
B,"Barnes Group, Inc."
DFZ,"R.G. Barry Corporation"
BAS,"Basic Energy Services, Inc."
BV,"Bazaarvoice, Inc."
BBCN,"BBCN Bancorp, Inc."
BBX,"BBX Capital Corporation"
BECN,"Beacon Roofing Supply, Inc."
BEAV,"B/E Aerospace, Inc."
BBGI,"Beasley Broadcast Group, Inc."
BZH,"Beazer Homes USA, Inc."
BBG,"Bill Barrett Corporation"
BDC,"Belden Inc"
BEBE,"bebe stores, inc."
BNCL,"Beneficial Mutual Bancorp, Inc."
BERY,"BPC Acquisition Corp"
BELFB,"Bel Fuse Inc."
BGFV,"Big 5 Sporting Goods Corporation"
GPRE,"Green Plains Renewable Energy, Inc."
GBX,"Greenbrier Companies, Inc. (The)"
GSVC,"GSV Capital Corp"
GRPN,"Groupon, Inc."
GPI,"Group 1 Automotive, Inc."
GFF,"Griffon Corporation"
GSIT,"GSI Technology, Inc."
GSIG,"GSI Group, Inc."
GTXI,"GTx, Inc."
GWRE,"Guidewire Software, Inc."
GES,"Guess?, Inc."
GIFI,"Gulf Island Fabrication, Inc."
GLF,"GulfMark Offshore, Inc."
GPOR,"Gulfport Energy Corporation"
HEES,"H&E Equipment Services, Inc."
HAE,"Haemonetics Corporation"
HAIN,"The Hain Celestial Group, Inc."
HBIO,"Harvard Bioscience, Inc."
HNRG,"Hallador Energy Company"
HALL,"Hallmark Financial Services, Inc."
HMPR,"Hampton Roads Bankshares Inc"
HBI,"Hanesbrands Inc."
HBHC,"Hancock Holding Company"
HGR,"Hanger, Inc."
HAFC,"Hanmi Financial Corporation"
THG,"The Hanover Insurance Group, Inc."
HRG,"Harbinger Group Inc"
HSC,"Harsco Corporation"
HVT,"Haverty Furniture Companies, Inc."
HCOM,"Hawaiian Telcom Holdco, Inc."
HCA,"HCA Holdings, Inc."
HW,"Headwaters Incorporated"
HCSG,"Healthcare Services Group, Inc."
HSTM,"HealthStream, Inc."
HTLD,"Heartland Express, Inc."
HTLF,"Heartland Financial USA, Inc."
HTWR,"Heartware International, Inc."
HPY,"Heartland Payment Systems, Inc."
HSII,"Heidrick & Struggles International, Inc."
HMTV,"Hemisphere Media Group, Inc."
HELE,"Helen of Troy Limited"
HLX,"Helix Energy Solutions Group, Inc."
HLF,"Herbalife LTD."
HTGC,"Hercules Technology Growth Capital, Inc."
HTBK,"Heritage Commerce Corp"
HFWA,"Heritage Financial Corporation"
HEOP,"Heritage Oaks Bancorp"
HXL,"Hexcel Corporation"
HTZ,"Hertz Global Holdings, Inc"
MLHR,"Herman Miller, Inc."
HF,"HFF, Inc."
HIBB,"Hibbett Sports, Inc."
HI,"Hillenbrand Inc"
HTH,"Hilltop Holdings Inc."
HRC,"Hill-Rom Holdings Inc"
HIFS,"Hingham Institution for Savings"
HMSY,"HMS Holdings Corp"
BCC,"Boise Cascade, L.L.C."
BFAM,"Bright Horizons Family Solutions Inc."
COWN,"Cowen Group, Inc."
CRY,"CryoLife, Inc."
HITT,"Hittite Microwave Corporation"
MRH,"Montpelier Re Holdings Ltd."
ISSI,"Integrated Silicon Solution, Inc."
IRF,"International Rectifier Corporation"
NTGR,"NETGEAR, Inc."
RPTP,"Raptor Pharmaceutical Corp."
PNK,"Pinnacle Entertainment, Inc."
PRO,"PROS Holdings, Inc."
OXM,"Oxford Industries, Inc."
PCTI,"PC-Tel, Inc."
SHEN,"Shenandoah Telecommunications Co"
TRGP,"Targa Resources, Inc."
SCL,"Stepan Company"
SPN,"Superior Energy Services, Inc."
SVU,"SuperValu Inc."
WPX,"WPX Energy, Inc."
WMK,"Weis Markets, Inc."
WWE,"World Wrestling Entertainment, Inc."
AMGN,"Amgen Inc."
GT,"The Goodyear Tire & Rubber Company"
GNW,"Genworth Financial Inc"
GM,"General Motors Company"
MDLZ,"Mondelez International, Inc."
PEP,"Pepsico, Inc."
XL,"XL Group plc"
NBR,"Nabors Industries Ltd."
NFLX,"Netflix, Inc."
RSG,"Republic Services, Inc."
RRC,"Range Resources Corporation"
NOV,"National Oilwel Varcol, Inc."
NLSN,"Nielsen Holdings N.V."
NVDA,"NVIDIA Corporation"
PSA,"Public Storage"
PWR,"Quanta Services, Inc."
ROP,"Roper Industries, Inc."
UNP,"Union Pacific Corporation"
SJM,"J.M. Smucker Company (The)"
TSCO,"Tractor Supply Company"
WY,"Weyerhaeuser Company"
ATI,"Allegheny Technologies Incorporated"
CA,"CA Inc."
GNCMA,"General Communication, Inc."
ETFC,"E*TRADE Financial Corporation"
DO,"Diamond Offshore Drilling, Inc."
IFF,"Internationa Flavors & Fragrances, Inc."
EL,"Estee Lauder Companies, Inc. (The)"
FAST,"Fastenal Company"
GIS,"General Mills, Inc."
GOOGL,"Google Inc."
FCX,"Freeport-McMoran Copper & Gold, Inc."
GD,"General Dynamics Corporation"
IP,"International Paper Company"
BBSI,"Barrett Business Services, Inc."
IPG,"Interpublic Group of Companies, Inc. (The)"
IRM,"Iron Mountain Incorporated"
LH,"Laboratory Corporation of America Holdings"
KORS,"Michael Kors Holdings Limited"
MAS,"Masco Corporation"
MCD,"McDonald's Corporation"
MHK,"Mohawk Industries, Inc."
MU,"Micron Technology, Inc."
NI,"NiSource, Inc"
CVD,"Covance Inc."
FFIN,"First Financial Bankshares, Inc."
FBC,"Flagstar Bancorp, Inc."
LHCG,"LHC Group"
EXPE,"Expedia, Inc."
ARG,"Airgas, Inc."
GGP,"General Growth Properties, Inc."
IR,"Ingersoll-Rand plc (Ireland)"
LEG,"Leggett & Platt, Incorporated"
LLTC,"Linear Technology Corporation"
MYL,"Mylan Inc."
TIF,"Tiffany & Co."
CST,"CST Brands, Inc."
DSW,"DSW Inc."
DRTX,"Durata Therapeutics, Inc."
ENR,"Energizer Holdings, Inc."
EXAS,"EXACT Sciences Corporation"
GGG,"Graco Inc."
STL,"Sterling Bancorp"
ZINC,"Horsehead Holding Corp."
INDB,"Independent Bank Corp."
MDR,"McDermott International, Inc."
MCGC,"MCG Capital Corporation"
MTZ,"MasTec, Inc."
MDAS,"MedAssets, Inc."
ALOG,"Analogic Corporation"
AVA,"Avista Corporation"
ATMI,"ATMI Inc."
CJES,"C&J Energy Services, Inc."
MLR,"Miller Industries, Inc."
BWA,"BorgWarner Inc."
AEP,"American Electric Power Company, Inc."
CPE,"Callon Petroleum Company"
BLK,"BlackRock, Inc."
CELG,"Celgene Corporation"
CSV,"Carriage Services, Inc."
CECO,"Career Education Corporation"
CLDX,"Celldex Therapeutics, Inc."
N,"Netsuite Inc"
CNK,"Cinemark Holdings Inc"
CNL,"Cleco Corporation"
CYH,"Community Health Systems, Inc."
CRVL,"CorVel Corp."
CRK,"Comstock Resources, Inc."
CR,"Crane Company"
CYBX,"Cyberonics, Inc."
MORN,"Morningstar, Inc."
DV,"DeVry Education Group Inc."
DAKT,"Daktronics, Inc."
DK,"Delek US Holdings, Inc."
ECHO,"Echo Global Logistics, Inc."
PERY,"Perry Ellis International Inc."
DIN,"DineEquity, Inc"
PCL,"Plum Creek Timber Company, Inc."
POM,"PEPCO Holdings, Inc."
STT,"State Street Corporation"
ENZN,"Enzon Pharmaceuticals, Inc."
FRM,"Furmanite Corporation"
FXEN,"FX Energy, Inc."
MOH,"Molina Healthcare Inc"
GLUU,"Glu Mobile Inc."
FIO,"Fusion-io, Inc."
PANW,"Palo Alto Networks, Inc."
PIR,"Pier 1 Imports, Inc."
PLXS,"Plexus Corp."
POL,"PolyOne Corporation"
PRLB,"Proto Labs, Inc."
PRIM,"Primoris Services Corporation"
RAVN,"Raven Industries, Inc."
PBYI,"Puma Biotechnology Inc"
PVTB,"PrivateBancorp, Inc."
PB,"Prosperity Bancshares, Inc."
RDI,"Reading International Inc"
RBC,"Regal Beloit Corporation"
REV,"Revlon, Inc."
SAPE,"Sapient Corporation"
SPNS,"Sapiens International Corporation N.V."
SBNY,"Signature Bank"
SGY,"Stone Energy Corporation"
SUBK,"Suffolk Bancorp"
STLD,"Steel Dynamics, Inc."
TGE,"TGC Industries, Inc."
TXRH,"Texas Roadhouse, Inc."
TFX,"Teleflex Incorporated"
UGI,"UGI Corporation"
UPIP,"Unwired Planet, Inc."
VNTV,"Vantiv, Inc."
VRTU,"Virtusa Corporation"
VSAT,"ViaSat, Inc."
VSH,"Vishay Intertechnology, Inc."
ZAGG,"ZAGG Inc"
DXPE,"DXP Enterprises, Inc."
GOOG,"Google Inc."
ERII,"Energy Recovery, Inc."
ECYT,"Endocyte, Inc."
ENS,"Enersys"
AEL,"American Equity Investment Life Holding Company"
HCP,"HCP, Inc."
HIG,"Hartford Financial Services Group, Inc. (The)"
CBF,"Capital Bank Financial Corp."
HPQ,"Hewlett-Packard Company"
BMTC,"Bryn Mawr Bank Corporation"
ACHN,"Achillion Pharmaceuticals, Inc."
PFG,"Principal Financial Group Inc"
ATW,"Atwood Oceanics, Inc."
ACN,"Accenture plc."
BBT,"BB&T Corporation"
ACM,"Aecom Technology Corporation"
PXD,"Pioneer Natural Resources Company"
CBG,"CBRE Group, Inc."
CERN,"Cerner Corporation"
QCOM,"QUALCOMM Incorporated"
INWK,"InnerWorkings, Inc."
BWS,"Brown Shoe Company, Inc."
JCI,"Johnson Controls, Inc."
JNJ,"Johnson & Johnson"
JWN,"Nordstrom, Inc."
TDC,"Teradata Corporation"
TRV,"The Travelers Companies, Inc."
K,"Kellogg Company"
AMSC,"American Superconductor Corporation"
T,"AT&T Inc."
AA,"Alcoa Inc."
CB,"Chubb Corporation (The)"
LOW,"Lowe's Companies, Inc."
MHFI,"McGraw Hill Financial, Inc."
ACE,"Ace Limited"
ADI,"Analog Devices, Inc."
ADBE,"Adobe Systems Incorporated"
BF_B,"Brown Forman Corporation"
ADSK,"Autodesk, Inc."
AET,"Aetna Inc."
BRCM,"Broadcom Corporation"
CCL,"Carnival Corporation"
COV,"Covidien plc."
DD,"E.I. du Pont de Nemours and Company"
CCE,"Coca-Cola Enterprises, Inc."
BA,"Boeing Company (The)"
AN,"AutoNation, Inc."
BAC,"Bank of America Corporation"
BK,"Bank Of New York Mellon Corporation (The)"
CAT,"Caterpillar, Inc."
LSI,"LSI Corporation"
CBS,"CBS Corporation"
NRG,"NRG Energy, Inc."
CINF,"Cincinnati Financial Corporation"
CTXS,"Citrix Systems, Inc."
M,"Macy's Inc"
RAI,"Reynolds American Inc"
DPS,"Dr Pepper Snapple Group, Inc"
EA,"Electronic Arts Inc."
CNX,"CONSOL Energy Inc."
MWV,"Meadwestvaco Corporation"
LLY,"Eli Lilly and Company"
THC,"Tenet Healthcare Corporation"
EQR,"Equity Residential"
MCO,"Moody's Corporation"
MDT,"Medtronic, Inc."
MMM,"3M Company"
NKE,"Nike, Inc."
RIG,"Transocean Ltd."
FLS,"Flowserve Corporation"
NBL,"Noble Energy Inc."
FOSL,"Fossil Group, Inc."
FOXA,"Twenty-First Century Fox, Inc."
FSLR,"First Solar, Inc."
TMO,"Thermo Fisher Scientific Inc"
VAR,"Varian Medical Systems, Inc."
WM,"Waste Management, Inc."
AUXL,"Auxilium Pharmaceuticals, Inc."
PBF,"PBF Energy Inc."
GME,"Gamestop Corporation"
CEMP,"Cempra, Inc."
CAVM,"Cavium, Inc."
CHS,"Chico's FAS, Inc."
CIR,"CIRCOR International, Inc."
DTLK,"Datalink Corporation"
CPWR,"Compuware Corporation"
CROX,"Crocs, Inc."
CGNX,"Cognex Corporation"
CTB,"Cooper Tire & Rubber Company"
CSS,"CSS Industries, Inc."
DWA,"Dreamworks Animation SKG, Inc."
DEPO,"Depomed, Inc."
DY,"Dycom Industries, Inc."
SATS,"EchoStar Corporation"
RDEN,"Elizabeth Arden, Inc."
EBF,"Ennis, Inc."
FNSR,"Finisar Corporation"
BUSE,"First Busey Corporation"
EXTR,"Extreme Networks, Inc."
FFBC,"First Financial Bancorp."
FHCO,"Female Health Company (The)"
FFIC,"Flushing Financial Corporation"
FVE,"Five Star Quality Care, Inc."
FCFS,"First Cash Financial Services, Inc."
FTK,"Flotek Industries, Inc."
FRF,"Fortegra Financial Corporation"
GNE,"Genie Energy Ltd."
GERN,"Geron Corporation"
BGC,"General Cable Corporation"
GHM,"Graham Corporation"
GEOS,"Geospace Technologies Corporation"
HNT,"Health Net Inc."
HALO,"Halozyme Therapeutics, Inc."
HGG,"HHGregg, Inc."
ONE,"Higher One Holdings, Inc."
HITK,"Hi-Tech Pharmacal Co., Inc."
HUN,"Huntsman Corporation"
IACI,"IAC/InterActiveCorp"
IPI,"Intrepid Potash, Inc"
IHS,"IHS Inc."
IBOC,"International Bancshares Corporation"
IVC,"Invacare Corporation"
LTM,"Life Time Fitness"
IPCM,"IPC The Hospitalist Company, Inc."
MTW,"Manitowoc Company, Inc. (The)"
ICPT,"Intercept Pharmaceuticals, Inc."
KVHI,"KVH Industries, Inc."
IRBT,"iRobot Corporation"
LPNT,"LifePoint Hospitals, Inc."
KYTH,"Kythera Biopharmaceuticals, Inc."
LNN,"Lindsay Corporation"
LDR,"Landauer, Inc."
LLNW,"Limelight Networks, Inc."
MAN,"ManpowerGroup"
MN,"Manning & Napier, Inc."
SHOO,"Steven Madden, Ltd."
EBSB,"Meridian Interstate Bancorp, Inc."
MCHX,"Marchex, Inc."
MTDR,"Matador Resources Company"
MXWL,"Maxwell Technologies, Inc."
TAXI,"Medallion Financial Corp."
MCRS,"MICROS Systems, Inc."
MGM,"MGM Resorts International"
MYE,"Myers Industries, Inc."
NRCIA,"National Research Corporation"
NBTB,"NBT Bancorp Inc."
NWE,"NorthWestern Corporation"
NRIM,"Northrim BanCorp Inc"
ORA,"Ormat Technologies, Inc."
PSUN,"Pacific Sunwear of California, Inc."
PDCE,"PDC Energy, Inc."
ORIT,"Oritani Financial Corp."
PWOD,"Penns Woods Bancorp, Inc."
PKE,"Park Electrochemical Corporation"
PEBO,"Peoples Bancorp Inc."
PLPM,"Planet Payment, Inc."
PLXT,"PLX Technology, Inc."
PNM,"PNM Resources, Inc. (Holding Co.)"
PCYC,"Pharmacyclics, Inc."
PLAB,"Photronics, Inc."
PL,"Protective Life Corporation"
QLYS,"Qualys, Inc."
PPO,"Polypore International Inc"
RSTI,"Rofin-Sinar Technologies, Inc."
REMY,"Remy International, Inc."
RALY,"Rally Software Development Corp."
RH,"Restoration Hardware Holdings Inc."
RCL,"Royal Caribbean Cruises Ltd."
RUTH,"Ruth's Hospitality Group, Inc."
RGLD,"Royal Gold, Inc."
SFE,"Safeguard Scientifics, Inc."
SFL,"Ship Finance International Limited"
SYBT,"S.Y. Bancorp, Inc."
SGA,"Saga Communications, Inc."
SGK,"Schawk, Inc."
SMG,"Scotts Miracle-Gro Company (The)"
SLAB,"Silicon Laboratories, Inc."
SM,"SM Energy Company"
SIMG,"Silicon Image, Inc."
STNR,"Steiner Leisure Limited"
SON,"Sonoco Products Company"
SSI,"Stage Stores, Inc."
SCS,"Steelcase Inc."
SRDX,"SurModics, Inc."
TICC,"TICC Capital Corp."
SNHY,"Sun Hydraulics Corporation"
TGTX,"TG Therapeutics, Inc."
SYNA,"Synaptics Incorporated"
TEAR,"TearLab Corporation"
TSYS,"TeleCommunication Systems, Inc."
TKR,"Timken Company (The)"
VRA,"Vera Bradley, Inc."
EGY,"Vaalco Energy Inc"
VNDA,"Vanda Pharmaceuticals Inc."
VVI,"Viad Corp"
XOXO,"XO Group, Inc."
ZIGO,"Zygo Corporation"
AKAM,"Akamai Technologies, Inc."
C,"Citigroup Inc."
DHI,"D.R. Horton, Inc."
EXC,"Exelon Corporation"
FFIV,"F5 Networks, Inc."
FITB,"Fifth Third Bancorp"
GLW,"Corning Incorporated"
LB,"L Brands, Inc."
MO,"Altria Group"
OKE,"ONEOK, Inc."
ORCL,"Oracle Corporation"
TXT,"Textron Inc."
AON,"Aon plc"
CVX,"Chevron Corporation"
AFL,"Aflac Incorporated"
BTU,"Peabody Energy Corporation"
PM,"Philip Morris International Inc"
WYNN,"Wynn Resorts, Limited"
STJ,"St. Jude Medical, Inc."
BSET,"Bassett Furniture Industries, Incorporated"
WWD,"Woodward, Inc."
CIX,"CompX International Inc."
CNQR,"Concur Technologies, Inc."
CNMD,"CONMED Corporation"
CNOB,"ConnectOne Bancorp, Inc."
CREE,"Cree, Inc."
CNP,"CenterPoint Energy, Inc."
DHR,"Danaher Corporation"
F,"Ford Motor Company"
DGII,"Digi International Inc."
GPC,"Genuine Parts Company"
IVZ,"Invesco Plc"
JPM,"J P Morgan Chase & Co"
KEY,"KeyCorp"
KMX,"CarMax Inc"
SHW,"Sherwin-Williams Company (The)"
SRCL,"Stericycle, Inc."
SPLS,"Staples, Inc."
TWC,"Time Warner Cable Inc"
TSO,"Tesoro Corporation"
WFM,"Whole Foods Market, Inc."
EOPN,"E2open, Inc."
EWBC,"East West Bancorp, Inc."
ELX,"Emulex Corporation"
EIG,"Employers Holdings Inc"
ESL,"Esterline Technologies Corporation"
FLXS,"Flexsteel Industries, Inc."
FTNT,"Fortinet, Inc."
FRED,"Fred's, Inc."
GBCI,"Glacier Bancorp, Inc."
GPN,"Global Payments Inc."
GSOL,"Global Sources Ltd."
HLS,"HealthSouth Corporation"
HTCO,"Hickory Tech Corporation"
INTX,"Intersections, Inc."
COLM,"Columbia Sportswear Company"
CWCO,"Consolidated Water Co. Ltd."
CFR,"Cullen/Frost Bankers, Inc."
CYNI,"Cyan, Inc."
DELL,"Dell Inc."
DISH,"DISH Network Corporation"
FULT,"Fulton Financial Corporation"
GEF,"Greif Bros. Corporation"
